date,start_time,duration_min,distance_km,avg_speed_kmh,max_speed_kmh,elevation_gain_m,workout_type,intensity,location,time_of_day,hour,avg_lat,avg_lon,n_points,filename
2016-10-09,2016-10-09T01:02:42+00:00,58.2,7.96,8.2,12.4,239.0,running,easy,us,early_morning,1,9.6858,100.0516,3507,route_2016-10-08_10.00pm.gpx
2016-10-18,2016-10-18T16:44:19+00:00,56.1,10.56,12.0,14.2,170.0,running,easy,israel,afternoon,16,32.1027,34.7768,3049,route_2016-10-18_1.40pm.gpx
2016-10-21,2016-10-21T14:10:11+00:00,74.4,13.53,11.7,13.6,252.0,running,easy,israel,afternoon,14,32.0593,34.7605,3886,route_2016-10-21_11.24am.gpx
2016-10-29,2016-10-29T22:34:24+00:00,17.1,3.11,11.6,13.8,55.0,running,easy,us,evening,22,37.7948,-122.4208,862,route_2016-10-29_6.51pm.gpx
2016-10-29,2016-10-29T22:57:26+00:00,57.9,10.31,12.0,14.0,132.0,running,easy,us,evening,22,37.8059,-122.4513,2919,route_2016-10-29_7.55pm.gpx
2016-11-01,2016-11-01T14:26:18+00:00,23.3,4.48,12.5,14.0,42.0,running,easy,us,afternoon,14,47.6247,-122.3704,1233,route_2016-11-01_10.49am.gpx
2016-11-14,2016-11-14T15:43:07+00:00,54.9,10.22,11.9,14.0,190.0,running,easy,us,afternoon,15,33.9949,-118.4757,2960,route_2016-11-14_11.37am.gpx
2016-11-25,2016-11-25T19:19:09+00:00,37.8,4.11,6.5,12.5,163.0,walking,easy,us,evening,19,39.2506,-120.0137,2275,route_2016-11-25_2.56pm.gpx
2016-12-04,2016-12-04T03:25:29+00:00,66.5,11.31,11.0,13.1,204.0,running,easy,us,early_morning,3,37.7997,-122.4259,3401,route_2016-12-03_11.31pm.gpx
2016-12-17,2016-12-17T18:57:01+00:00,75.4,11.95,11.7,14.0,329.0,running,easy,us,evening,18,47.6396,-122.3351,3403,route_2016-12-17_3.12pm.gpx
2016-12-23,2016-12-23T07:37:59+00:00,73.9,13.75,11.6,14.2,188.0,running,easy,israel,morning,7,32.059,34.7607,4103,route_2016-12-23_3.51am.gpx
2016-12-24,2016-12-24T09:16:17+00:00,57.3,11.27,12.0,13.9,150.0,running,easy,israel,morning,9,32.103,34.7805,3373,route_2016-12-24_5.13am.gpx
2016-12-27,2016-12-27T05:22:25+00:00,43.0,8.39,12.2,14.0,62.0,running,easy,israel,early_morning,5,32.0688,34.7628,2346,route_2016-12-27_1.05am.gpx
2016-12-31,2016-12-31T08:51:03+00:00,68.8,13.01,12.0,13.8,194.0,running,easy,israel,morning,8,32.1018,34.7805,3733,route_2016-12-31_4.59am.gpx
2017-01-07,2017-01-07T16:25:51+00:00,20.9,4.15,11.8,13.4,63.0,running,easy,us,afternoon,16,38.3714,-122.5403,1166,route_2017-01-07_11.46am.gpx
2017-01-07,2017-01-07T16:47:27+00:00,20.6,4.06,11.8,13.0,90.0,running,easy,us,afternoon,16,38.3706,-122.5384,1203,route_2017-01-07_12.08pm.gpx
2017-01-13,2017-01-13T20:18:36+00:00,43.0,8.0,11.8,14.3,81.0,running,easy,us,evening,20,37.8051,-122.4119,2323,route_2017-01-13_4.01pm.gpx
2017-01-17,2017-01-17T01:30:51+00:00,51.6,9.42,11.6,14.0,100.0,running,easy,us,early_morning,1,47.6163,-122.356,2874,route_2017-01-16_9.22pm.gpx
2017-01-25,2017-01-25T14:43:08+00:00,38.6,7.77,12.3,14.3,56.0,running,easy,us,afternoon,14,37.8052,-122.459,2268,route_2017-01-25_10.21am.gpx
2017-02-05,2017-02-05T00:31:31+00:00,9.9,2.06,12.7,14.1,9.0,running,easy,us,early_morning,0,37.8052,-122.4377,579,route_2017-02-04_7.41pm.gpx
2017-02-12,2017-02-12T16:39:52+00:00,99.9,11.22,10.7,12.4,160.0,running,easy,us,afternoon,16,37.7722,-122.4543,3591,route_2017-02-12_1.19pm.gpx
2017-03-12,2017-03-12T17:37:21+00:00,18.9,3.45,11.3,13.6,56.0,running,easy,us,afternoon,17,37.7726,-122.4375,1041,route_2017-03-12_1.56pm.gpx
2017-03-19,2017-03-19T04:16:55+00:00,38.9,7.5,11.7,14.0,53.0,running,easy,israel,early_morning,4,32.0679,34.7621,2309,route_2017-03-19_12.55am.gpx
2017-03-21,2017-03-21T05:34:54+00:00,39.3,7.74,12.5,13.8,63.0,running,easy,israel,early_morning,5,32.0683,34.7622,2234,route_2017-03-21_2.14am.gpx
2017-03-23,2017-03-23T05:05:36+00:00,35.1,6.03,11.1,14.0,55.0,running,easy,israel,early_morning,5,32.0641,34.7622,1915,route_2017-03-23_1.40am.gpx
2017-03-24,2017-03-24T13:31:55+00:00,46.1,9.23,12.4,14.1,92.0,running,easy,israel,midday,13,32.1048,34.7764,2667,route_2017-03-24_10.18am.gpx
2017-03-27,2017-03-27T04:56:24+00:00,5.5,1.13,12.4,14.0,7.0,running,easy,israel,early_morning,4,32.099,34.7741,334,route_2017-03-27_1.01am.gpx
2017-04-19,2017-04-19T03:19:12+00:00,55.0,9.69,10.5,12.4,100.0,running,easy,us,early_morning,3,37.772,-122.4539,3296,route_2017-04-19_12.14am.gpx
2017-04-29,2017-04-29T18:35:42+00:00,57.4,9.81,10.9,13.0,153.0,running,easy,us,evening,18,37.7717,-122.463,3119,route_2017-04-29_3.33pm.gpx
2017-05-17,2017-05-17T03:37:29+00:00,45.6,8.28,11.4,13.5,126.0,running,easy,israel,early_morning,3,32.0657,34.7661,2502,route_2017-05-17_12.23am.gpx
2017-05-20,2017-05-20T11:02:45+00:00,78.2,13.75,11.7,13.7,397.0,running,easy,israel,midday,11,32.0947,34.7845,3936,route_2017-05-20_8.20am.gpx
2017-06-03,2017-06-03T18:56:51+00:00,45.4,8.25,11.4,13.3,201.0,running,easy,us,evening,18,37.7717,-122.4641,2510,route_2017-06-03_3.42pm.gpx
2017-06-03,2017-06-03T19:43:40+00:00,17.2,3.21,11.8,13.4,34.0,running,easy,us,evening,19,37.7723,-122.4466,962,route_2017-06-03_4.00pm.gpx
2017-06-05,2017-06-05T11:26:19+00:00,63.2,12.04,12.0,13.6,184.0,running,easy,us,midday,11,39.9726,-75.1886,3465,route_2017-06-05_8.29am.gpx
2017-06-17,2017-06-17T19:16:54+00:00,65.9,12.48,12.0,13.9,153.0,running,easy,us,evening,19,37.7717,-122.4607,3511,route_2017-06-17_4.22pm.gpx
2017-06-24,2017-06-24T21:07:22+00:00,65.6,11.56,11.2,13.6,154.0,running,easy,us,evening,21,37.7718,-122.459,3545,route_2017-06-24_6.12pm.gpx
2017-06-28,2017-06-28T14:18:09+00:00,43.1,8.32,11.9,14.1,120.0,running,easy,us,afternoon,14,37.7722,-122.4499,2422,route_2017-06-28_11.01am.gpx
2017-07-07,2017-07-07T12:23:09+00:00,69.6,11.72,11.6,13.8,187.0,running,easy,israel,midday,12,32.0951,34.7925,3339,route_2017-07-07_9.32am.gpx
2017-07-12,2017-07-12T03:45:16+00:00,66.5,11.83,10.8,13.6,107.0,running,easy,israel,early_morning,3,32.1017,34.7754,3942,route_2017-07-12_12.51am.gpx
2017-07-21,2017-07-21T15:38:16+00:00,44.0,8.1,11.6,13.8,98.0,running,easy,us,afternoon,15,37.7721,-122.4498,2385,route_2017-07-21_12.22pm.gpx
2017-07-27,2017-07-27T14:49:10+00:00,11.6,2.25,12.4,15.3,61.0,running,easy,us,afternoon,14,37.772,-122.4402,640,route_2017-07-27_11.00am.gpx
2017-07-29,2017-07-29T22:13:30+00:00,61.5,11.61,12.4,13.9,136.0,running,easy,us,evening,22,40.7465,-74.006,3104,route_2017-07-29_7.15pm.gpx
2017-08-03,2017-08-03T02:40:14+00:00,63.5,12.62,12.2,14.3,191.0,running,easy,us,early_morning,2,37.7715,-122.4616,3659,route_2017-08-02_11.43pm.gpx
2017-08-08,2017-08-08T04:11:49+00:00,63.3,12.42,12.1,13.8,167.0,running,easy,us,early_morning,4,37.7717,-122.4607,3651,route_2017-08-08_1.15am.gpx
2017-08-09,2017-08-09T21:43:09+00:00,84.8,11.12,8.9,12.1,348.0,running,easy,us,evening,21,39.2681,-120.1529,4398,route_2017-08-09_7.07pm.gpx
2017-08-12,2017-08-12T18:26:02+00:00,51.7,8.98,10.5,13.9,310.0,running,easy,us,evening,18,37.7631,-122.4442,2971,route_2017-08-12_3.17pm.gpx
2021-09-25,2021-09-25T17:42:55+00:00,35.6,1.84,3.1,4.4,20.0,walking,easy,us,afternoon,17,40.7875,-73.9629,2138,route_2021-09-25_2.18pm.gpx
2021-09-26,2021-09-26T13:19:54+00:00,23.6,1.56,3.9,4.8,17.0,walking,easy,us,midday,13,40.7394,-74.004,1391,route_2021-09-26_9.43am.gpx
2022-10-29,2022-10-29T13:12:22+00:00,61.5,11.71,11.6,13.0,91.0,running,easy,us,midday,13,40.7357,-74.0103,3623,route_2022-10-29_10.13am.gpx
2022-10-31,2022-10-31T12:22:10+00:00,68.6,10.33,10.3,11.6,71.0,running,easy,us,midday,12,40.7704,-73.9952,3441,route_2022-10-31_9.30am.gpx
2022-11-03,2022-11-03T14:48:02+00:00,55.6,7.73,10.7,12.5,115.0,running,easy,us,afternoon,14,36.1511,-86.7821,2523,route_2022-11-03_11.43am.gpx
2022-11-05,2022-11-05T22:09:10+00:00,61.5,12.35,12.3,13.8,81.0,running,easy,us,evening,22,40.7334,-74.0111,3601,route_2022-11-05_7.10pm.gpx
2022-11-07,2022-11-07T12:53:15+00:00,62.7,10.09,10.5,12.0,91.0,running,easy,us,midday,12,40.7327,-74.0112,3402,route_2022-11-07_8.55am.gpx
2022-11-09,2022-11-09T12:16:11+00:00,40.6,7.18,10.6,12.1,48.0,running,easy,us,midday,12,40.7447,-74.0082,2406,route_2022-11-09_7.56am.gpx
2022-11-10,2022-11-10T20:34:09+00:00,61.8,3.54,3.5,5.7,34.0,walking,easy,us,evening,20,40.7463,-73.9897,3623,route_2022-11-10_4.35pm.gpx
2022-11-11,2022-11-11T11:30:11+00:00,56.8,9.81,10.4,11.5,118.0,running,easy,us,midday,11,40.7835,-73.9654,3396,route_2022-11-11_7.26am.gpx
2022-11-19,2022-11-19T22:28:33+00:00,61.8,11.79,11.5,12.8,99.0,running,easy,us,evening,22,37.4941,-122.4621,3695,route_2022-11-19_6.30pm.gpx
2022-11-28,2022-11-28T13:15:24+00:00,39.3,6.58,10.1,11.6,47.0,running,easy,us,midday,13,40.7011,-73.9952,2323,route_2022-11-28_8.54am.gpx
2022-12-12,2022-12-12T15:53:51+00:00,15.9,0.65,2.5,4.7,28.0,walking,easy,israel,afternoon,15,31.7777,35.2241,904,route_2022-12-12_11.09am.gpx
2022-12-13,2022-12-13T16:01:07+00:00,19.1,0.38,1.2,4.0,9.0,walking,easy,israel,afternoon,16,32.0685,34.7693,1150,route_2022-12-13_11.20am.gpx
2022-12-15,2022-12-15T05:19:46+00:00,55.6,8.76,11.3,12.4,40.0,running,easy,israel,early_morning,5,32.0676,34.7632,2634,route_2022-12-15_1.15am.gpx
2022-12-17,2022-12-17T07:00:12+00:00,61.8,10.87,10.7,11.9,62.0,running,easy,israel,morning,7,32.0621,34.7586,3649,route_2022-12-17_3.02am.gpx
2022-12-19,2022-12-19T07:22:16+00:00,12.4,0.4,1.9,4.5,17.0,walking,easy,us,morning,7,9.5709,100.0806,745,route_2022-12-19_2.34am.gpx
2022-12-20,2022-12-20T00:12:13+00:00,40.8,7.13,10.5,12.2,174.0,running,easy,us,early_morning,0,9.5523,100.0768,2449,route_2022-12-19_7.53pm.gpx
2022-12-22,2022-12-22T02:45:46+00:00,73.5,9.22,8.4,11.8,441.0,running,easy,us,early_morning,2,9.7818,100.044,3908,route_2022-12-21_10.59pm.gpx
2022-12-24,2022-12-24T09:13:07+00:00,64.2,11.61,11.5,12.8,166.0,running,easy,us,morning,9,9.7461,99.9733,3620,route_2022-12-24_5.17am.gpx
2022-12-26,2022-12-26T02:23:49+00:00,59.8,10.62,10.7,11.8,143.0,running,easy,us,early_morning,2,9.7445,99.9742,3571,route_2022-12-25_10.23pm.gpx
2022-12-28,2022-12-28T02:46:20+00:00,29.9,4.71,9.4,12.2,177.0,running,easy,us,early_morning,2,9.7801,100.0543,1798,route_2022-12-27_10.16pm.gpx
2022-12-30,2022-12-30T01:31:27+00:00,61.6,8.2,8.3,11.9,390.0,running,easy,us,early_morning,1,9.7738,100.0492,3545,route_2022-12-29_9.33pm.gpx
2023-01-01,2023-01-01T02:40:41+00:00,58.3,7.75,8.2,11.9,375.0,running,easy,us,early_morning,2,9.7745,100.0495,3378,route_2022-12-31_10.38pm.gpx
2023-01-06,2023-01-06T06:32:28+00:00,41.5,7.54,11.2,12.4,44.0,running,easy,israel,morning,6,32.0692,34.7639,2397,route_2023-01-06_2.14am.gpx
2023-01-08,2023-01-08T05:15:11+00:00,60.4,11.33,11.4,12.9,66.0,running,easy,israel,early_morning,5,32.0633,34.7592,3581,route_2023-01-08_1.15am.gpx
2023-01-11,2023-01-11T05:34:00+00:00,80.7,11.2,11.0,13.1,72.0,running,easy,israel,early_morning,5,32.0637,34.7669,3549,route_2023-01-11_1.54am.gpx
2023-01-15,2023-01-15T04:47:02+00:00,60.7,10.81,10.8,11.9,67.0,running,easy,israel,early_morning,4,32.0641,34.7593,3604,route_2023-01-15_12.47am.gpx
2023-01-18,2023-01-18T07:46:58+00:00,32.4,5.43,10.7,11.8,38.0,running,easy,israel,morning,7,32.0737,34.7658,1804,route_2023-01-18_3.19am.gpx
2023-02-09,2023-02-09T07:39:39+00:00,47.5,7.9,11.0,12.8,50.0,running,easy,us,morning,7,51.5018,-0.1317,2527,route_2023-02-09_3.27am.gpx
2023-02-14,2023-02-14T13:16:34+00:00,56.4,8.8,10.6,12.0,149.0,running,easy,us,midday,13,9.6403,-85.1639,2940,route_2023-02-14_9.12am.gpx
2023-02-15,2023-02-15T12:32:42+00:00,38.5,6.78,10.8,12.0,105.0,running,easy,us,midday,12,9.6348,-85.1585,2220,route_2023-02-15_8.11am.gpx
2023-03-10,2023-03-10T11:57:38+00:00,60.8,11.3,11.3,12.7,133.0,running,easy,us,midday,11,40.781,-73.9674,3565,route_2023-03-10_7.58am.gpx
2023-03-14,2023-03-14T12:18:46+00:00,44.2,7.54,10.5,12.3,108.0,running,easy,us,midday,12,47.6205,-122.3597,2577,route_2023-03-14_9.02am.gpx
2023-03-23,2023-03-23T10:37:37+00:00,58.8,11.22,11.7,12.8,86.0,running,easy,us,midday,10,30.2515,-81.5368,3439,route_2023-03-23_7.36am.gpx
2023-03-26,2023-03-26T03:57:13+00:00,61.2,11.01,11.2,12.3,59.0,running,easy,israel,early_morning,3,32.0934,34.7756,3530,route_2023-03-26_12.58am.gpx
2023-03-27,2023-03-27T05:43:07+00:00,70.8,11.12,11.3,12.5,72.0,running,easy,israel,early_morning,5,32.0635,34.7589,3514,route_2023-03-27_2.53am.gpx
2023-03-29,2023-03-29T05:14:26+00:00,43.0,8.2,11.6,13.7,49.0,running,easy,israel,early_morning,5,32.0688,34.7629,2520,route_2023-03-29_1.57am.gpx
2023-03-30,2023-03-30T05:21:06+00:00,61.5,11.33,11.3,12.4,76.0,running,easy,israel,early_morning,5,32.063,34.7588,3606,route_2023-03-30_2.22am.gpx
2023-03-31,2023-03-31T05:30:32+00:00,29.3,5.37,11.0,12.2,33.0,running,easy,israel,early_morning,5,32.0735,34.7655,1758,route_2023-03-31_1.59am.gpx
2023-04-01,2023-04-01T05:57:12+00:00,60.0,10.73,11.0,12.2,71.0,running,easy,israel,early_morning,5,32.0642,34.7594,3224,route_2023-04-01_2.57am.gpx
2023-04-02,2023-04-02T05:04:30+00:00,63.5,11.08,10.8,11.9,50.0,running,easy,israel,early_morning,5,32.0965,34.7737,3669,route_2023-04-02_2.07am.gpx
2023-04-03,2023-04-03T04:53:22+00:00,30.7,5.57,11.4,13.0,34.0,running,easy,israel,early_morning,4,32.0735,34.7657,1742,route_2023-04-03_1.24am.gpx
2023-04-04,2023-04-04T04:19:59+00:00,62.1,11.29,11.6,13.6,73.0,running,easy,israel,early_morning,4,32.0632,34.7589,3462,route_2023-04-04_1.22am.gpx
2023-04-08,2023-04-08T07:03:58+00:00,72.5,12.09,10.7,11.9,52.0,running,easy,israel,morning,7,32.1001,34.7749,4026,route_2023-04-08_4.16am.gpx
2023-04-11,2023-04-11T06:56:20+00:00,45.6,6.13,10.6,12.3,32.0,running,easy,israel,morning,6,32.0948,34.7766,2006,route_2023-04-11_3.41am.gpx
2023-04-12,2023-04-12T06:19:59+00:00,39.7,7.22,11.3,13.5,39.0,running,easy,israel,morning,6,32.0741,34.7653,2291,route_2023-04-12_2.59am.gpx
2023-04-13,2023-04-13T05:54:50+00:00,19.9,3.28,10.5,11.9,32.0,running,easy,israel,early_morning,5,32.0823,34.7709,1107,route_2023-04-13_2.14am.gpx
2023-04-17,2023-04-17T03:47:56+00:00,63.3,11.88,11.3,13.0,77.0,running,easy,israel,early_morning,3,32.0619,34.7582,3792,route_2023-04-17_12.51am.gpx
2023-04-18,2023-04-18T03:48:59+00:00,57.2,10.86,11.5,14.0,79.0,running,easy,israel,early_morning,3,32.0559,34.7567,3383,route_2023-04-18_12.46am.gpx
2023-04-19,2023-04-19T03:45:31+00:00,62.8,10.88,10.6,11.7,78.0,running,easy,israel,early_morning,3,32.0563,34.7569,3679,route_2023-04-19_12.48am.gpx
2023-04-21,2023-04-21T04:54:43+00:00,59.7,10.71,11.0,12.6,50.0,running,easy,israel,early_morning,4,32.0926,34.7746,3494,route_2023-04-21_1.54am.gpx
2023-04-22,2023-04-22T06:36:44+00:00,41.0,6.68,10.5,12.1,31.0,running,easy,israel,morning,6,32.0919,34.7752,2267,route_2023-04-22_3.17am.gpx
2023-05-03,2023-05-03T23:49:35+00:00,40.2,7.43,11.3,12.8,111.0,running,easy,us,evening,23,37.4278,-122.4348,2355,route_2023-05-03_8.29pm.gpx
2023-05-07,2023-05-07T14:49:50+00:00,63.5,11.13,11.3,12.9,79.0,running,easy,us,afternoon,14,40.7048,-73.9703,3535,route_2023-05-07_11.53am.gpx
2023-05-08,2023-05-08T17:19:41+00:00,62.7,11.07,11.2,13.4,97.0,running,easy,us,afternoon,17,40.7057,-73.97,3550,route_2023-05-08_2.22pm.gpx
2023-05-13,2023-05-13T11:18:44+00:00,55.8,10.99,11.8,14.0,101.0,running,easy,us,midday,11,40.7058,-73.9701,3347,route_2023-05-13_8.14am.gpx
2023-05-14,2023-05-14T13:50:55+00:00,60.3,11.44,11.6,13.7,85.0,running,easy,us,midday,13,40.6976,-73.9973,3556,route_2023-05-14_10.51am.gpx
2023-05-15,2023-05-15T21:50:18+00:00,37.2,5.9,10.9,12.3,68.0,running,easy,us,evening,21,38.8919,-77.0211,1897,route_2023-05-15_6.27pm.gpx
2023-05-16,2023-05-16T11:32:38+00:00,27.6,4.04,10.4,11.9,35.0,running,easy,us,midday,11,38.8927,-77.0257,1349,route_2023-05-16_8.00am.gpx
2023-05-18,2023-05-18T11:08:00+00:00,46.5,9.08,11.7,12.9,88.0,running,easy,us,midday,11,40.9897,-72.1823,2778,route_2023-05-18_7.54am.gpx
2023-05-19,2023-05-19T12:48:40+00:00,52.7,8.81,10.6,12.3,71.0,running,easy,us,midday,12,40.6997,-73.9961,2987,route_2023-05-19_9.41am.gpx
2023-05-21,2023-05-21T12:49:46+00:00,70.2,11.56,11.5,13.7,98.0,running,easy,us,midday,12,40.7063,-73.9701,3609,route_2023-05-21_9.59am.gpx
2023-05-22,2023-05-22T10:30:20+00:00,19.7,3.58,10.9,12.9,30.0,running,easy,us,midday,10,40.7034,-73.9911,1181,route_2023-05-22_6.50am.gpx
2023-05-26,2023-05-26T18:21:48+00:00,65.2,11.48,11.6,13.4,74.0,running,easy,us,evening,18,40.6973,-73.9976,3530,route_2023-05-26_3.27pm.gpx
2023-05-27,2023-05-27T14:44:58+00:00,52.9,9.31,11.3,13.4,64.0,running,easy,us,afternoon,14,40.7072,-73.9685,2951,route_2023-05-27_11.37am.gpx
2023-05-28,2023-05-28T13:27:23+00:00,49.5,9.0,10.9,12.9,62.0,running,easy,us,midday,13,40.6996,-73.9964,2970,route_2023-05-28_10.16am.gpx
2023-05-29,2023-05-29T15:35:50+00:00,64.2,11.33,11.3,13.0,75.0,running,easy,us,afternoon,15,40.697,-73.9979,3588,route_2023-05-29_12.39pm.gpx
2023-05-30,2023-05-30T12:19:28+00:00,64.5,10.61,10.9,12.6,87.0,running,easy,us,midday,12,40.7054,-73.9699,3466,route_2023-05-30_9.23am.gpx
2023-05-31,2023-05-31T12:26:29+00:00,95.5,10.47,10.6,12.4,67.0,running,easy,us,midday,12,40.6984,-73.9969,3507,route_2023-05-31_10.01am.gpx
2023-06-01,2023-06-01T12:39:52+00:00,72.4,7.65,11.3,13.4,87.0,running,easy,us,midday,12,40.7011,-73.9715,2347,route_2023-06-01_9.52am.gpx
2023-06-03,2023-06-03T14:19:22+00:00,68.1,11.3,11.0,12.8,98.0,running,easy,us,afternoon,14,40.7058,-73.9701,3659,route_2023-06-03_11.27am.gpx
2023-06-04,2023-06-04T14:57:18+00:00,6.9,0.56,4.9,6.2,4.0,walking,easy,us,afternoon,14,40.7024,-73.9877,411,route_2023-06-04_11.04am.gpx
2023-06-05,2023-06-05T18:19:24+00:00,75.9,11.62,11.2,13.2,105.0,running,easy,us,evening,18,40.7061,-73.97,3665,route_2023-06-05_3.35pm.gpx
2023-06-07,2023-06-07T11:49:28+00:00,45.8,6.97,10.4,11.6,56.0,running,easy,us,midday,11,25.822,-80.3166,2398,route_2023-06-07_8.35am.gpx
2023-06-10,2023-06-10T13:52:48+00:00,47.1,8.98,11.4,13.4,67.0,running,easy,us,midday,13,40.7027,-73.9711,2827,route_2023-06-10_10.39am.gpx
2023-06-14,2023-06-14T12:41:02+00:00,72.7,11.16,11.0,12.9,99.0,running,easy,us,midday,12,40.7058,-73.97,3613,route_2023-06-14_9.53am.gpx
2023-06-15,2023-06-15T12:04:31+00:00,50.3,9.15,10.9,12.5,81.0,running,easy,us,midday,12,40.7031,-73.9709,3020,route_2023-06-15_8.54am.gpx
2023-06-18,2023-06-18T08:31:07+00:00,66.5,11.3,11.0,13.0,104.0,running,easy,us,morning,8,51.5078,-0.1069,3646,route_2023-06-18_5.37am.gpx
2023-06-20,2023-06-20T04:25:58+00:00,59.7,9.91,10.5,11.7,79.0,running,easy,israel,early_morning,4,32.0529,34.7571,3372,route_2023-06-20_1.25am.gpx
2023-06-21,2023-06-21T04:46:45+00:00,55.4,9.2,11.1,12.6,58.0,running,easy,israel,early_morning,4,32.0561,34.7577,2895,route_2023-06-21_1.42am.gpx
2023-06-22,2023-06-22T04:53:44+00:00,55.4,8.8,10.4,12.2,72.0,running,easy,israel,early_morning,4,32.0567,34.7583,2989,route_2023-06-22_1.49am.gpx
2023-06-24,2023-06-24T07:18:09+00:00,55.9,9.28,10.8,12.2,74.0,running,easy,israel,morning,7,32.0526,34.7544,3057,route_2023-06-24_4.14am.gpx
2023-07-01,2023-07-01T09:37:51+00:00,101.8,9.79,11.0,12.7,40.0,running,easy,israel,morning,9,32.0773,34.7692,3088,route_2023-07-01_7.19am.gpx
2023-07-03,2023-07-03T05:58:35+00:00,41.9,6.71,10.2,12.2,84.0,running,easy,israel,early_morning,5,32.6564,34.9953,2368,route_2023-07-03_2.40am.gpx
2023-07-04,2023-07-04T05:40:01+00:00,39.7,7.08,11.0,12.8,46.0,running,easy,israel,early_morning,5,32.0587,34.7615,2287,route_2023-07-04_2.19am.gpx
2023-07-05,2023-07-05T13:05:13+00:00,43.3,6.98,10.6,12.0,59.0,running,easy,israel,midday,13,32.0599,34.7608,2344,route_2023-07-05_9.48am.gpx
2023-07-06,2023-07-06T05:00:37+00:00,30.7,5.12,10.6,12.3,39.0,running,easy,israel,early_morning,5,32.0607,34.7655,1708,route_2023-07-06_1.31am.gpx
2023-07-07,2023-07-07T04:57:40+00:00,52.2,9.22,10.7,12.4,66.0,running,easy,israel,early_morning,4,32.0559,34.7579,3090,route_2023-07-07_1.49am.gpx
2023-07-12,2023-07-12T11:53:19+00:00,63.4,10.69,10.6,12.4,103.0,running,easy,us,midday,11,40.7051,-73.9703,3606,route_2023-07-12_8.56am.gpx
2023-07-13,2023-07-13T11:25:49+00:00,57.6,9.91,10.9,12.8,87.0,running,easy,us,midday,11,40.698,-73.9973,3255,route_2023-07-13_8.23am.gpx
2023-07-15,2023-07-15T12:50:21+00:00,43.0,7.37,10.9,12.9,48.0,running,easy,us,midday,12,40.7008,-73.9949,2423,route_2023-07-15_9.33am.gpx
2023-07-17,2023-07-17T11:05:33+00:00,30.9,5.59,10.9,12.5,40.0,running,easy,us,midday,11,40.6993,-73.9732,1847,route_2023-07-17_7.36am.gpx
2023-07-18,2023-07-18T11:57:16+00:00,76.7,10.68,10.8,12.4,81.0,running,easy,us,midday,11,40.7055,-73.9699,3546,route_2023-07-18_9.13am.gpx
2023-07-19,2023-07-19T12:03:39+00:00,40.0,7.46,11.3,13.6,61.0,running,easy,us,midday,12,40.7005,-73.9956,2372,route_2023-07-19_8.43am.gpx
2023-07-20,2023-07-20T12:36:27+00:00,71.9,11.14,11.0,12.8,96.0,running,easy,us,midday,12,40.7058,-73.9701,3605,route_2023-07-20_9.48am.gpx
2023-07-23,2023-07-23T13:16:01+00:00,43.8,7.45,10.7,12.5,114.0,running,easy,us,midday,13,40.9261,-72.3753,2502,route_2023-07-23_9.59am.gpx
2023-07-24,2023-07-24T12:34:10+00:00,41.1,6.83,11.4,12.8,50.0,running,easy,us,midday,12,40.7002,-73.9719,2133,route_2023-07-24_9.15am.gpx
2023-07-25,2023-07-25T11:20:53+00:00,68.3,10.37,11.0,13.0,81.0,running,easy,us,midday,11,40.6977,-73.9976,3400,route_2023-07-25_8.29am.gpx
2023-07-26,2023-07-26T13:27:09+00:00,93.7,8.84,11.3,13.5,65.0,running,easy,us,midday,13,40.7069,-73.9689,2604,route_2023-07-26_11.00am.gpx
2023-07-29,2023-07-29T14:22:52+00:00,66.5,10.07,10.2,11.9,71.0,running,easy,us,afternoon,14,40.6986,-73.9969,3403,route_2023-07-29_11.29am.gpx
2023-07-30,2023-07-30T15:17:23+00:00,75.9,10.51,10.6,12.5,66.0,running,easy,us,afternoon,15,40.6978,-73.9971,3544,route_2023-07-30_12.33pm.gpx
2023-07-31,2023-07-31T11:30:53+00:00,75.2,10.64,10.5,12.7,84.0,running,easy,us,midday,11,40.7049,-73.9703,3596,route_2023-07-31_8.46am.gpx
2023-08-01,2023-08-01T11:54:09+00:00,78.5,9.91,11.0,13.3,62.0,running,easy,us,midday,11,40.6972,-73.9981,3151,route_2023-08-01_9.12am.gpx
2023-08-02,2023-08-02T11:59:46+00:00,81.5,11.47,11.4,13.6,96.0,running,easy,us,midday,11,40.7062,-73.9699,3526,route_2023-08-02_9.21am.gpx
2023-08-03,2023-08-03T12:10:52+00:00,48.2,7.67,11.6,14.5,47.0,running,easy,us,midday,12,40.6992,-73.9973,2353,route_2023-08-03_8.59am.gpx
2023-08-05,2023-08-05T21:27:58+00:00,75.0,11.07,11.6,13.6,130.0,running,easy,us,evening,21,35.6697,139.6977,3416,route_2023-08-05_6.42pm.gpx
2023-08-06,2023-08-06T21:47:53+00:00,54.7,8.69,10.4,11.8,86.0,running,easy,us,evening,21,35.676,139.7072,2953,route_2023-08-06_6.42pm.gpx
2023-08-07,2023-08-07T20:52:57+00:00,72.7,10.21,10.2,11.5,143.0,running,easy,us,evening,20,35.6701,139.6968,3503,route_2023-08-07_6.05pm.gpx
2023-08-08,2023-08-08T21:15:17+00:00,62.4,9.2,10.1,12.2,87.0,running,easy,us,evening,21,35.6516,139.6967,3180,route_2023-08-08_6.17pm.gpx
2023-08-10,2023-08-10T22:29:02+00:00,76.4,10.47,11.1,13.4,125.0,running,easy,us,evening,22,35.6697,139.6972,3239,route_2023-08-10_7.45pm.gpx
2023-08-12,2023-08-12T22:12:33+00:00,46.8,8.44,11.4,13.0,92.0,running,easy,us,evening,22,35.6695,139.6972,2621,route_2023-08-12_6.59pm.gpx
2023-08-12,2023-08-12T00:16:45+00:00,63.5,11.08,11.8,13.4,128.0,running,easy,us,early_morning,0,35.6697,139.6972,3332,route_2023-08-11_9.20pm.gpx
2023-08-13,2023-08-13T23:14:06+00:00,66.3,11.61,11.6,14.3,113.0,running,easy,us,evening,23,34.9855,135.7663,3561,route_2023-08-13_8.20pm.gpx
2023-08-16,2023-08-16T23:47:55+00:00,50.6,9.1,11.2,12.5,81.0,running,easy,us,evening,23,35.0277,135.7687,2924,route_2023-08-16_8.38pm.gpx
2023-08-17,2023-08-17T21:47:30+00:00,51.0,9.78,12.0,13.6,91.0,running,easy,us,evening,21,35.0288,135.7744,2936,route_2023-08-17_6.38pm.gpx
2023-08-20,2023-08-20T12:21:21+00:00,59.2,11.29,11.6,13.2,67.0,running,easy,us,midday,12,40.6966,-73.9984,3500,route_2023-08-20_9.20am.gpx
2023-08-21,2023-08-21T09:11:32+00:00,42.0,7.21,10.9,12.9,44.0,running,easy,us,morning,9,40.7001,-73.9951,2376,route_2023-08-21_5.53am.gpx
2023-08-23,2023-08-23T19:57:22+00:00,108.1,14.06,12.0,31.3,374.0,running,easy,us,evening,19,41.3272,-106.5773,3994,route_2023-08-23_5.45pm.gpx
2023-08-25,2023-08-25T10:49:38+00:00,52.2,9.81,11.3,13.1,84.0,running,easy,us,midday,10,40.7038,-73.9708,3125,route_2023-08-25_7.41am.gpx
2023-08-26,2023-08-26T15:38:13+00:00,62.9,9.34,10.8,12.5,76.0,running,easy,us,afternoon,15,40.6965,-73.9983,3100,route_2023-08-26_12.41pm.gpx
2023-08-27,2023-08-27T12:15:36+00:00,42.8,7.98,12.0,15.2,58.0,running,easy,us,midday,12,40.7004,-73.9955,2383,route_2023-08-27_8.58am.gpx
2023-08-28,2023-08-28T14:10:02+00:00,64.8,11.23,11.1,12.9,110.0,running,easy,us,afternoon,14,40.706,-73.97,3635,route_2023-08-28_11.14am.gpx
2023-08-29,2023-08-29T12:46:10+00:00,43.5,7.01,10.9,12.7,45.0,running,easy,us,midday,12,40.7006,-73.9958,2281,route_2023-08-29_9.29am.gpx
2023-08-31,2023-08-31T13:17:03+00:00,27.1,5.1,11.3,13.6,35.0,running,easy,us,midday,13,40.7021,-73.9941,1617,route_2023-08-31_9.44am.gpx
2023-09-02,2023-09-02T13:14:46+00:00,71.1,11.14,11.5,14.5,78.0,running,easy,us,midday,13,40.6966,-73.9979,3461,route_2023-09-02_10.25am.gpx
2023-09-07,2023-09-07T15:21:09+00:00,156.3,9.69,11.1,13.0,64.0,running,easy,us,afternoon,15,40.6972,-73.9981,2982,route_2023-09-07_1.57pm.gpx
2023-09-08,2023-09-08T13:05:37+00:00,64.6,11.63,11.3,13.4,112.0,running,easy,us,midday,13,40.7064,-73.9698,3672,route_2023-09-08_10.10am.gpx
2023-09-09,2023-09-09T13:26:29+00:00,54.4,7.24,11.2,13.7,64.0,running,easy,us,midday,13,40.7005,-73.9951,2290,route_2023-09-09_10.20am.gpx
2023-09-10,2023-09-10T13:33:26+00:00,76.5,11.79,12.1,14.3,141.0,running,easy,us,midday,13,40.7066,-73.9697,3476,route_2023-09-10_10.49am.gpx
2023-09-11,2023-09-11T11:31:00+00:00,42.8,7.57,11.5,13.4,53.0,running,easy,us,midday,11,40.7008,-73.9953,2353,route_2023-09-11_8.13am.gpx
2023-09-12,2023-09-12T10:50:16+00:00,31.4,5.96,11.5,13.4,37.0,running,easy,us,midday,10,40.6995,-73.9727,1854,route_2023-09-12_7.21am.gpx
2023-09-13,2023-09-13T12:06:14+00:00,19.6,3.57,11.0,12.6,29.0,running,easy,us,midday,12,40.7038,-73.9901,1167,route_2023-09-13_8.25am.gpx
2023-09-16,2023-09-16T07:36:17+00:00,50.8,8.48,11.9,13.4,50.0,running,easy,israel,morning,7,32.0683,34.7634,2549,route_2023-09-16_4.27am.gpx
2023-09-17,2023-09-17T08:46:09+00:00,63.1,10.6,10.8,11.9,64.0,running,easy,israel,morning,8,32.0635,34.759,3461,route_2023-09-17_5.49am.gpx
2023-09-18,2023-09-18T03:48:30+00:00,51.0,9.08,10.7,11.8,55.0,running,easy,israel,early_morning,3,32.0679,34.7623,3039,route_2023-09-18_12.39am.gpx
2023-09-20,2023-09-20T03:29:41+00:00,62.0,10.95,10.8,11.9,67.0,running,easy,israel,early_morning,3,32.0649,34.76,3656,route_2023-09-20_12.31am.gpx
2023-09-21,2023-09-21T04:17:52+00:00,62.4,11.68,11.5,12.9,80.0,running,easy,israel,early_morning,4,32.0631,34.7589,3649,route_2023-09-21_1.20am.gpx
2023-09-24,2023-09-24T06:50:54+00:00,29.9,5.91,11.9,13.7,104.0,running,easy,israel,morning,6,33.0025,35.648,1793,route_2023-09-24_3.20am.gpx
2023-09-25,2023-09-25T07:26:18+00:00,46.9,7.99,11.3,13.0,39.0,running,easy,israel,morning,7,32.0956,34.7906,2466,route_2023-09-25_4.13am.gpx
2023-09-26,2023-09-26T06:38:20+00:00,70.2,11.23,10.9,12.0,79.0,running,easy,israel,morning,6,32.0639,34.7595,3677,route_2023-09-26_3.48am.gpx
2023-09-29,2023-09-29T07:51:52+00:00,69.8,11.89,11.5,12.9,85.0,running,easy,israel,morning,7,32.0625,34.7582,3690,route_2023-09-29_5.01am.gpx
2023-09-30,2023-09-30T06:22:49+00:00,38.0,6.31,11.0,12.5,40.0,running,easy,israel,morning,6,32.0892,34.7709,2051,route_2023-09-30_3.00am.gpx
2023-10-01,2023-10-01T04:35:36+00:00,55.3,10.0,11.0,12.9,71.0,running,easy,israel,early_morning,4,32.0544,34.7535,3264,route_2023-10-01_1.30am.gpx
2023-10-02,2023-10-02T05:59:04+00:00,65.5,11.16,11.1,12.8,118.0,running,easy,israel,early_morning,5,32.0527,34.753,3592,route_2023-10-02_3.04am.gpx
2023-10-03,2023-10-03T04:40:02+00:00,28.8,5.64,12.0,14.5,31.0,running,easy,israel,early_morning,4,32.0658,34.7626,1676,route_2023-10-03_1.08am.gpx
2023-10-09,2023-10-09T11:39:25+00:00,77.2,10.94,11.2,12.4,77.0,running,easy,israel,midday,11,32.0658,34.7676,3480,route_2023-10-09_8.56am.gpx
2023-10-10,2023-10-10T09:26:30+00:00,74.3,11.06,11.0,12.2,93.0,running,easy,israel,morning,9,32.0665,34.7673,3500,route_2023-10-10_6.40am.gpx
2023-10-11,2023-10-11T10:09:39+00:00,81.5,9.6,10.8,12.4,78.0,running,easy,israel,midday,10,32.0645,34.7675,3002,route_2023-10-11_7.31am.gpx
2023-10-12,2023-10-12T09:11:18+00:00,67.0,11.21,11.3,12.6,72.0,running,easy,israel,morning,9,32.0664,34.7673,3491,route_2023-10-12_6.18am.gpx
2023-10-14,2023-10-14T14:34:41+00:00,38.1,7.67,12.1,14.0,87.0,running,easy,us,afternoon,14,40.7009,-73.995,2286,route_2023-10-14_11.12am.gpx
2023-10-15,2023-10-15T13:38:57+00:00,61.3,12.01,11.9,13.9,132.0,running,easy,us,midday,13,40.7068,-73.9694,3640,route_2023-10-15_10.40am.gpx
2023-10-16,2023-10-16T12:32:08+00:00,59.7,11.52,11.7,13.4,119.0,running,easy,us,midday,12,40.6971,-73.9978,3533,route_2023-10-16_9.31am.gpx
2023-10-17,2023-10-17T12:23:27+00:00,60.2,9.81,11.4,13.3,106.0,running,easy,us,midday,12,40.7038,-73.9708,3052,route_2023-10-17_9.23am.gpx
2023-10-18,2023-10-18T12:42:57+00:00,54.7,8.94,11.1,13.1,105.0,running,easy,us,midday,12,40.6996,-73.9967,2863,route_2023-10-18_9.37am.gpx
2023-10-19,2023-10-19T13:08:00+00:00,78.5,11.19,10.7,13.1,127.0,running,easy,us,midday,13,40.7059,-73.9698,3716,route_2023-10-19_10.26am.gpx
2023-10-22,2023-10-22T13:06:25+00:00,41.4,7.28,11.0,12.9,62.0,running,easy,us,midday,13,40.7009,-73.9948,2386,route_2023-10-22_9.47am.gpx
2023-10-23,2023-10-23T15:30:43+00:00,41.0,6.85,11.5,12.9,59.0,running,easy,us,afternoon,15,40.7011,-73.9706,2115,route_2023-10-23_12.11pm.gpx
2023-10-26,2023-10-26T13:45:43+00:00,89.2,11.1,11.2,12.9,109.0,running,easy,us,midday,13,40.7058,-73.9699,3488,route_2023-10-26_11.14am.gpx
2023-10-27,2023-10-27T12:16:34+00:00,45.7,8.74,11.6,13.4,101.0,running,easy,us,midday,12,40.7026,-73.971,2686,route_2023-10-27_9.02am.gpx
2023-10-28,2023-10-28T12:12:06+00:00,26.2,5.42,12.4,14.4,41.0,running,easy,us,midday,12,40.7061,-73.9691,1571,route_2023-10-28_8.38am.gpx
2023-10-29,2023-10-29T14:50:49+00:00,63.8,11.01,11.0,12.7,114.0,running,easy,us,afternoon,14,40.6973,-73.9974,3591,route_2023-10-29_11.54am.gpx
2023-10-30,2023-10-30T15:01:02+00:00,26.2,5.09,11.8,13.3,50.0,running,easy,us,afternoon,15,40.699,-73.9729,1551,route_2023-10-30_11.27am.gpx
2023-10-31,2023-10-31T14:21:58+00:00,35.1,6.64,11.3,13.2,76.0,running,easy,us,afternoon,14,40.7016,-73.9944,2110,route_2023-10-31_10.57am.gpx
2023-11-08,2023-11-08T07:07:30+00:00,52.0,8.5,10.7,12.3,137.0,running,easy,us,morning,7,51.5308,-0.1558,2800,route_2023-11-08_2.59am.gpx
2023-11-09,2023-11-09T07:42:09+00:00,31.3,5.92,11.8,13.4,64.0,running,easy,us,morning,7,51.5291,-0.1578,1774,route_2023-11-09_3.13am.gpx
2023-11-11,2023-11-11T15:07:49+00:00,61.6,10.94,10.8,12.3,85.0,running,easy,us,afternoon,15,40.6977,-73.9972,3618,route_2023-11-11_11.09am.gpx
2023-11-12,2023-11-12T14:10:34+00:00,65.0,11.47,11.3,13.0,122.0,running,easy,us,afternoon,14,40.7065,-73.9694,3626,route_2023-11-12_10.15am.gpx
2023-11-13,2023-11-13T12:44:47+00:00,64.0,11.03,10.8,12.5,130.0,running,easy,us,midday,12,40.6977,-73.9974,3633,route_2023-11-13_8.48am.gpx
2023-11-14,2023-11-14T12:48:39+00:00,29.9,5.36,10.8,12.2,51.0,running,easy,us,midday,12,40.6991,-73.9725,1793,route_2023-11-14_8.18am.gpx
2023-11-16,2023-11-16T11:28:12+00:00,19.4,3.61,11.2,13.4,37.0,running,easy,us,midday,11,40.7038,-73.9903,1162,route_2023-11-16_6.47am.gpx
2023-11-18,2023-11-18T16:00:00+00:00,63.3,10.66,10.2,11.8,95.0,running,easy,us,afternoon,16,40.6972,-73.9975,3743,route_2023-11-18_12.03pm.gpx
2023-11-20,2023-11-20T13:45:05+00:00,30.1,5.85,11.7,13.7,65.0,running,easy,us,midday,13,40.7022,-73.9938,1791,route_2023-11-20_9.15am.gpx
2023-11-21,2023-11-21T14:02:32+00:00,27.9,5.29,11.4,13.2,67.0,running,easy,us,afternoon,14,40.7023,-73.9941,1679,route_2023-11-21_9.30am.gpx
2023-11-22,2023-11-22T12:59:40+00:00,61.1,11.26,11.1,12.8,118.0,running,easy,us,midday,12,40.7062,-73.9696,3639,route_2023-11-22_9.00am.gpx
2023-11-23,2023-11-23T14:51:53+00:00,41.6,7.85,11.3,13.2,153.0,running,easy,us,afternoon,14,44.3014,-73.3992,2500,route_2023-11-23_10.33am.gpx
2023-11-24,2023-11-24T14:28:37+00:00,38.3,6.75,10.5,12.6,157.0,running,easy,us,afternoon,14,44.28,-73.4126,2301,route_2023-11-24_10.06am.gpx
2023-11-25,2023-11-25T15:18:45+00:00,40.3,7.34,11.0,12.5,132.0,running,easy,us,afternoon,15,44.3009,-73.4008,2395,route_2023-11-25_10.59am.gpx
2023-11-27,2023-11-27T13:10:57+00:00,49.0,7.88,10.9,12.4,73.0,running,easy,us,midday,13,40.7011,-73.9721,2589,route_2023-11-27_9.00am.gpx
2023-11-28,2023-11-28T13:26:58+00:00,63.5,11.15,10.7,12.6,138.0,running,easy,us,midday,13,40.7066,-73.9689,3705,route_2023-11-28_9.30am.gpx
2023-11-29,2023-11-29T13:23:42+00:00,27.5,4.99,11.3,13.2,47.0,running,easy,us,midday,13,40.7031,-73.9919,1580,route_2023-11-29_8.51am.gpx
2023-12-01,2023-12-01T12:37:18+00:00,21.0,4.29,12.2,14.2,30.0,running,easy,us,midday,12,40.6989,-73.9751,1262,route_2023-12-01_7.58am.gpx
2023-12-05,2023-12-05T05:18:31+00:00,44.8,7.99,11.6,13.2,50.0,running,easy,israel,early_morning,5,32.0633,34.7678,2457,route_2023-12-05_1.03am.gpx
2023-12-06,2023-12-06T07:42:39+00:00,43.9,7.46,10.8,12.1,58.0,running,easy,israel,morning,7,32.0629,34.7679,2421,route_2023-12-06_3.26am.gpx
2023-12-07,2023-12-07T05:27:07+00:00,99.8,9.69,10.3,12.0,73.0,running,easy,israel,early_morning,5,32.0648,34.7662,3329,route_2023-12-07_2.06am.gpx
2023-12-08,2023-12-08T08:12:37+00:00,67.7,11.83,11.5,12.8,83.0,running,easy,israel,morning,8,32.0673,34.7671,3655,route_2023-12-08_4.20am.gpx
2023-12-09,2023-12-09T07:30:49+00:00,40.5,7.91,11.8,13.1,51.0,running,easy,israel,morning,7,32.0631,34.7675,2415,route_2023-12-09_3.11am.gpx
2023-12-10,2023-12-10T08:09:24+00:00,62.2,10.7,11.5,13.0,56.0,running,easy,israel,morning,8,32.0684,34.7657,3285,route_2023-12-10_4.11am.gpx
2023-12-11,2023-12-11T06:00:34+00:00,34.6,6.1,11.4,13.4,48.0,running,easy,israel,morning,6,32.0626,34.7696,1888,route_2023-12-11_1.35am.gpx
2023-12-12,2023-12-12T06:08:30+00:00,53.2,8.52,10.4,11.9,59.0,running,easy,israel,morning,6,32.0636,34.7668,2925,route_2023-12-12_2.01am.gpx
2023-12-13,2023-12-13T05:44:53+00:00,43.2,7.65,11.3,12.6,51.0,running,easy,israel,early_morning,5,32.0629,34.7672,2403,route_2023-12-13_1.28am.gpx
2023-12-17,2023-12-17T09:23:21+00:00,48.5,8.97,12.2,13.9,140.0,running,easy,us,morning,9,51.5059,-0.1639,2612,route_2023-12-17_5.11am.gpx
2023-12-18,2023-12-18T07:17:33+00:00,45.9,8.75,11.7,13.5,139.0,running,easy,us,morning,7,51.5061,-0.1646,2663,route_2023-12-18_3.03am.gpx
2023-12-19,2023-12-19T10:43:11+00:00,46.5,7.95,11.2,12.5,92.0,running,easy,us,midday,10,51.9142,-1.2528,2526,route_2023-12-19_6.29am.gpx
2023-12-20,2023-12-20T08:20:59+00:00,38.2,7.1,11.4,12.4,82.0,running,easy,us,morning,8,51.912,-1.2632,2240,route_2023-12-20_3.59am.gpx
2023-12-21,2023-12-21T09:41:23+00:00,29.0,5.41,11.2,12.4,87.0,running,easy,us,morning,9,51.914,-1.2594,1734,route_2023-12-21_5.10am.gpx
2023-12-24,2023-12-24T05:28:09+00:00,51.6,9.31,11.0,12.7,51.0,running,easy,israel,early_morning,5,32.0906,34.7716,3005,route_2023-12-24_1.19am.gpx
2023-12-27,2023-12-27T04:39:26+00:00,64.3,11.18,10.6,12.3,182.0,running,easy,us,early_morning,4,9.747,99.9742,3789,route_2023-12-27_12.43am.gpx
2023-12-28,2023-12-28T05:55:06+00:00,54.4,9.85,10.9,12.7,196.0,running,easy,us,early_morning,5,9.7273,99.9821,3264,route_2023-12-28_1.49am.gpx
2023-12-29,2023-12-29T05:24:12+00:00,59.2,10.39,10.8,12.6,204.0,running,easy,us,early_morning,5,9.7279,99.9818,3459,route_2023-12-29_1.23am.gpx
2023-12-30,2023-12-30T04:28:32+00:00,39.8,7.43,11.3,13.3,149.0,running,easy,us,early_morning,4,9.727,99.9818,2350,route_2023-12-30_12.08am.gpx
2024-01-02,2024-01-02T05:59:16+00:00,39.5,7.24,11.4,12.6,41.0,running,easy,israel,early_morning,5,32.0901,34.7725,2262,route_2024-01-02_1.38am.gpx
2024-01-03,2024-01-03T05:54:56+00:00,52.8,9.68,11.2,12.5,60.0,running,easy,israel,early_morning,5,32.0963,34.7951,3081,route_2024-01-03_1.47am.gpx
2024-01-04,2024-01-04T05:14:16+00:00,45.2,8.48,11.5,12.6,52.0,running,easy,israel,early_morning,5,32.0701,34.7644,2630,route_2024-01-04_12.59am.gpx
2024-01-05,2024-01-05T06:11:08+00:00,53.7,10.02,11.7,13.3,48.0,running,easy,israel,morning,6,32.0923,34.7728,3060,route_2024-01-05_2.04am.gpx
2024-01-06,2024-01-06T06:11:57+00:00,64.2,11.42,11.4,12.6,77.0,running,easy,israel,morning,6,32.0653,34.7606,3585,route_2024-01-06_2.16am.gpx
2024-01-08,2024-01-08T12:32:07+00:00,63.1,11.19,10.9,12.6,123.0,running,easy,us,midday,12,40.7058,-73.97,3683,route_2024-01-08_8.35am.gpx
2024-01-09,2024-01-09T12:39:39+00:00,59.3,10.27,10.4,12.0,106.0,running,easy,us,midday,12,40.6983,-73.9972,3544,route_2024-01-09_8.38am.gpx
2024-01-10,2024-01-10T12:45:44+00:00,49.3,8.02,10.9,12.4,83.0,running,easy,us,midday,12,40.702,-73.9711,2486,route_2024-01-10_8.35am.gpx
2024-01-12,2024-01-12T12:42:56+00:00,54.3,9.69,11.5,13.3,92.0,running,easy,us,midday,12,40.7039,-73.9706,3014,route_2024-01-12_8.37am.gpx
2024-01-15,2024-01-15T16:19:13+00:00,61.5,12.17,11.9,14.0,132.0,running,easy,us,afternoon,16,40.7075,-73.9688,3670,route_2024-01-15_12.20pm.gpx
2024-01-16,2024-01-16T12:51:45+00:00,39.8,6.73,10.2,11.6,103.0,running,easy,us,midday,12,40.7016,-73.9941,2385,route_2024-01-16_8.31am.gpx
2024-01-20,2024-01-20T13:42:48+00:00,26.1,5.33,12.2,13.8,47.0,running,easy,us,midday,13,40.7058,-73.9692,1568,route_2024-01-20_9.08am.gpx
2024-01-21,2024-01-21T15:29:04+00:00,65.0,12.49,12.4,14.3,135.0,running,easy,us,afternoon,15,40.6967,-73.9979,3609,route_2024-01-21_11.34am.gpx
2024-01-22,2024-01-22T13:12:38+00:00,18.1,3.52,11.7,13.4,34.0,running,easy,us,midday,13,40.6992,-73.9774,1079,route_2024-01-22_8.30am.gpx
2024-01-25,2024-01-25T13:15:18+00:00,44.0,7.07,10.4,11.9,75.0,running,easy,us,midday,13,40.7007,-73.9705,2355,route_2024-01-25_8.59am.gpx
2024-01-26,2024-01-26T12:50:37+00:00,40.4,7.65,11.4,13.1,79.0,running,easy,us,midday,12,40.7013,-73.9712,2424,route_2024-01-26_8.31am.gpx
2024-01-27,2024-01-27T15:03:51+00:00,65.1,11.3,10.7,12.6,92.0,running,easy,us,afternoon,15,40.6971,-73.9975,3806,route_2024-01-27_11.08am.gpx
2024-01-29,2024-01-29T13:25:17+00:00,52.2,9.22,10.6,12.6,101.0,running,easy,us,midday,13,40.6996,-73.9965,3130,route_2024-01-29_9.17am.gpx
2024-02-02,2024-02-02T14:53:33+00:00,44.8,7.46,10.7,12.4,125.0,running,easy,us,afternoon,14,40.7775,-73.9744,2491,route_2024-02-02_10.38am.gpx
2024-02-04,2024-02-04T14:57:24+00:00,57.1,10.59,11.3,13.7,154.0,running,easy,us,afternoon,14,40.7827,-73.9671,3346,route_2024-02-04_10.54am.gpx
2024-02-06,2024-02-06T07:18:51+00:00,48.9,8.86,12.2,14.8,94.0,running,easy,us,morning,7,48.8691,2.3106,2523,route_2024-02-06_3.07am.gpx
2024-02-07,2024-02-07T05:37:34+00:00,57.0,9.95,11.2,12.9,135.0,running,easy,us,early_morning,5,48.8689,2.3443,3082,route_2024-02-07_1.34am.gpx
2024-02-08,2024-02-08T13:19:14+00:00,21.5,3.56,10.9,12.6,47.0,running,easy,us,midday,13,40.7713,-73.98,1140,route_2024-02-08_8.40am.gpx
2024-02-09,2024-02-09T13:17:55+00:00,44.2,7.81,10.9,12.6,132.0,running,easy,us,midday,13,40.7737,-73.9722,2539,route_2024-02-09_9.02am.gpx
2024-02-11,2024-02-11T15:37:33+00:00,65.6,10.69,10.1,11.9,175.0,running,easy,us,afternoon,15,40.7823,-73.967,3740,route_2024-02-11_11.43am.gpx
2024-02-14,2024-02-14T11:36:46+00:00,40.7,7.63,11.3,12.8,106.0,running,easy,us,midday,11,40.7734,-73.9727,2402,route_2024-02-14_7.17am.gpx
2024-02-15,2024-02-15T13:14:20+00:00,39.8,7.41,11.2,12.6,89.0,running,easy,us,midday,13,40.7837,-73.986,2390,route_2024-02-15_8.54am.gpx
2024-02-16,2024-02-16T12:52:47+00:00,65.2,11.37,11.5,13.4,198.0,running,easy,us,midday,12,40.7818,-73.9679,3489,route_2024-02-16_8.58am.gpx
2024-02-18,2024-02-18T15:38:06+00:00,70.6,11.52,10.8,12.8,162.0,running,easy,us,afternoon,15,40.7811,-73.9684,3779,route_2024-02-18_11.48am.gpx
2024-02-19,2024-02-19T15:35:08+00:00,53.4,9.75,11.0,12.8,176.0,running,easy,us,afternoon,15,40.7835,-73.9658,3195,route_2024-02-19_11.28am.gpx
2024-02-20,2024-02-20T13:57:15+00:00,66.3,11.17,10.8,12.6,178.0,running,easy,us,midday,13,40.7823,-73.9672,3661,route_2024-02-20_10.03am.gpx
2024-02-21,2024-02-21T14:24:47+00:00,75.0,10.54,11.2,13.0,175.0,running,easy,us,afternoon,14,40.78,-73.9693,3260,route_2024-02-21_10.39am.gpx
2024-02-23,2024-02-23T14:24:39+00:00,50.6,7.75,11.1,13.0,138.0,running,easy,us,afternoon,14,40.7738,-73.972,2434,route_2024-02-23_10.15am.gpx
2024-02-24,2024-02-24T16:24:22+00:00,58.9,11.48,11.9,14.1,150.0,running,easy,us,afternoon,16,40.7815,-73.9681,3456,route_2024-02-24_12.23pm.gpx
2024-02-25,2024-02-25T15:46:17+00:00,63.8,11.45,11.9,13.6,194.0,running,easy,us,afternoon,15,40.7814,-73.9682,3437,route_2024-02-25_11.50am.gpx
2024-02-26,2024-02-26T12:37:19+00:00,30.5,5.12,10.3,12.1,59.0,running,easy,us,midday,12,40.7803,-73.9881,1752,route_2024-02-26_8.07am.gpx
2024-02-27,2024-02-27T13:16:49+00:00,78.3,11.42,10.4,12.0,192.0,running,easy,us,midday,13,40.782,-73.9676,3774,route_2024-02-27_9.35am.gpx
2024-02-28,2024-02-28T16:07:26+00:00,43.5,7.26,10.9,12.3,89.0,running,easy,us,afternoon,16,40.7837,-73.9861,2343,route_2024-02-28_11.50am.gpx
2024-02-29,2024-02-29T14:30:55+00:00,84.7,11.32,11.0,12.9,180.0,running,easy,us,afternoon,14,40.7822,-73.9678,3562,route_2024-02-29_10.55am.gpx
2024-03-03,2024-03-03T05:19:39+00:00,37.9,6.89,11.2,12.8,40.0,running,easy,us,early_morning,5,41.8982,12.4756,2200,route_2024-03-03_12.57am.gpx
2024-03-04,2024-03-04T07:05:07+00:00,62.6,10.92,11.1,12.5,115.0,running,easy,israel,morning,7,32.0552,34.7539,3526,route_2024-03-04_3.07am.gpx
2024-03-05,2024-03-05T06:27:50+00:00,22.9,4.32,11.9,13.3,32.0,running,easy,israel,morning,6,32.0845,34.7688,1295,route_2024-03-05_1.50am.gpx
2024-03-06,2024-03-06T07:21:32+00:00,49.1,8.95,11.3,12.4,69.0,running,easy,israel,morning,7,32.0605,34.7568,2852,route_2024-03-06_3.10am.gpx
2024-03-11,2024-03-11T06:48:32+00:00,30.3,5.83,11.5,12.6,31.0,running,easy,israel,morning,6,32.064,34.76,1820,route_2024-03-11_3.18am.gpx
2024-03-12,2024-03-12T05:52:56+00:00,39.5,7.65,11.6,12.8,46.0,running,easy,israel,early_morning,5,32.0611,34.7576,2367,route_2024-03-12_2.32am.gpx
2024-03-13,2024-03-13T07:03:51+00:00,41.3,7.85,11.4,12.7,31.0,running,easy,israel,morning,7,32.0918,34.7713,2469,route_2024-03-13_3.45am.gpx
2024-03-15,2024-03-15T08:42:41+00:00,20.7,3.99,11.6,12.6,23.0,running,easy,israel,morning,8,32.0844,34.7685,1235,route_2024-03-15_5.03am.gpx
2024-03-16,2024-03-16T07:12:02+00:00,59.3,10.46,11.3,12.7,104.0,running,easy,israel,morning,7,32.055,34.7555,3317,route_2024-03-16_4.11am.gpx
2024-03-17,2024-03-17T05:47:35+00:00,52.2,9.97,11.7,13.1,75.0,running,easy,israel,early_morning,5,32.0572,34.7548,3076,route_2024-03-17_2.39am.gpx
2024-03-18,2024-03-18T05:41:34+00:00,37.0,6.57,10.8,12.0,32.0,running,easy,israel,early_morning,5,32.0628,34.7589,2188,route_2024-03-18_2.18am.gpx
2024-03-20,2024-03-20T05:52:54+00:00,37.6,7.13,11.4,12.5,36.0,running,easy,israel,early_morning,5,32.0631,34.759,2233,route_2024-03-20_2.30am.gpx
2024-03-24,2024-03-24T08:22:37+00:00,60.7,10.69,11.2,12.6,80.0,running,easy,israel,morning,8,32.0948,34.7886,3386,route_2024-03-24_5.23am.gpx
2024-03-25,2024-03-25T06:47:13+00:00,43.8,8.1,11.2,12.3,75.0,running,easy,israel,morning,6,32.0604,34.757,2598,route_2024-03-25_3.30am.gpx
2024-03-29,2024-03-29T11:16:32+00:00,58.2,10.13,11.1,12.2,80.0,running,easy,israel,midday,11,32.0567,34.7545,3282,route_2024-03-29_8.14am.gpx
2024-03-30,2024-03-30T08:37:51+00:00,63.1,11.01,10.9,12.2,120.0,running,easy,israel,morning,8,32.0534,34.7543,3605,route_2024-03-30_5.40am.gpx
2024-04-01,2024-04-01T11:42:39+00:00,40.4,7.48,11.1,12.6,120.0,running,easy,us,midday,11,40.7732,-73.9729,2414,route_2024-04-01_8.23am.gpx
2024-04-02,2024-04-02T13:20:14+00:00,62.5,11.42,11.3,13.2,204.0,running,easy,us,midday,13,40.7817,-73.9678,3584,route_2024-04-02_10.22am.gpx
2024-04-03,2024-04-03T11:51:39+00:00,39.1,6.97,10.7,12.2,130.0,running,easy,us,midday,11,40.7726,-73.9737,2335,route_2024-04-03_8.30am.gpx
2024-04-04,2024-04-04T12:08:40+00:00,68.8,11.47,11.3,12.9,194.0,running,easy,us,midday,12,40.7818,-73.9677,3513,route_2024-04-04_9.17am.gpx
2024-04-05,2024-04-05T12:09:55+00:00,21.2,3.8,11.4,13.1,48.0,running,easy,us,midday,12,40.7769,-73.9904,1194,route_2024-04-05_8.31am.gpx
2024-04-06,2024-04-06T14:29:08+00:00,58.2,11.44,12.0,14.0,211.0,running,easy,us,afternoon,14,40.7815,-73.9681,3420,route_2024-04-06_11.27am.gpx
2024-04-07,2024-04-07T15:58:30+00:00,53.8,10.69,11.9,14.3,183.0,running,easy,us,afternoon,15,40.7824,-73.9669,3219,route_2024-04-07_12.52pm.gpx
2024-04-09,2024-04-09T13:56:35+00:00,23.6,2.89,11.4,13.8,52.0,running,easy,us,midday,13,41.229,-75.2354,898,route_2024-04-09_10.20am.gpx
2024-04-10,2024-04-10T11:38:12+00:00,19.5,3.49,10.8,12.9,69.0,running,easy,us,midday,11,41.226,-75.2348,1166,route_2024-04-10_7.57am.gpx
2024-04-11,2024-04-11T12:22:28+00:00,62.6,11.26,11.2,12.7,207.0,running,easy,us,midday,12,40.7818,-73.9677,3573,route_2024-04-11_9.25am.gpx
2024-04-12,2024-04-12T12:19:01+00:00,20.4,3.7,11.0,12.9,50.0,running,easy,us,midday,12,40.7768,-73.9904,1204,route_2024-04-12_8.39am.gpx
2024-04-14,2024-04-14T13:50:00+00:00,43.4,8.1,11.7,13.4,128.0,running,easy,us,midday,13,40.7741,-73.9717,2442,route_2024-04-14_10.33am.gpx
2024-04-17,2024-04-17T13:04:16+00:00,19.9,3.89,12.0,14.0,80.0,running,easy,us,midday,13,40.7772,-73.9902,1160,route_2024-04-17_9.24am.gpx
2024-04-18,2024-04-18T11:10:00+00:00,19.8,3.59,11.1,12.6,43.0,running,easy,us,midday,11,40.7746,-73.9865,1156,route_2024-04-18_7.29am.gpx
2024-04-19,2024-04-19T11:14:33+00:00,41.3,8.13,12.1,14.1,141.0,running,easy,us,midday,11,40.7741,-73.9718,2406,route_2024-04-19_7.55am.gpx
2024-04-20,2024-04-20T14:08:22+00:00,66.0,11.45,10.6,12.5,186.0,running,easy,us,afternoon,14,40.7814,-73.9683,3858,route_2024-04-20_11.14am.gpx
2024-04-22,2024-04-22T13:01:32+00:00,58.0,9.5,11.6,13.8,169.0,running,easy,us,midday,13,40.7838,-73.9654,2882,route_2024-04-22_9.59am.gpx
2024-04-24,2024-04-24T10:01:30+00:00,61.5,11.2,10.9,12.2,130.0,running,easy,us,midday,10,27.932,-82.4715,3566,route_2024-04-24_7.03am.gpx
2024-04-25,2024-04-25T11:19:03+00:00,29.4,5.87,12.0,13.6,84.0,running,easy,us,midday,11,40.7711,-73.9757,1757,route_2024-04-25_7.48am.gpx
2024-04-26,2024-04-26T11:04:59+00:00,64.1,10.85,11.1,12.6,124.0,running,easy,us,midday,11,40.756,-74.0036,3499,route_2024-04-26_8.09am.gpx
2024-04-27,2024-04-27T13:36:46+00:00,42.0,7.65,11.4,13.1,144.0,running,easy,us,midday,13,40.7735,-73.9725,2355,route_2024-04-27_10.18am.gpx
2024-04-28,2024-04-28T13:57:23+00:00,25.2,4.86,11.9,13.8,74.0,running,easy,us,midday,13,40.7711,-73.9779,1460,route_2024-04-28_10.22am.gpx
2024-04-29,2024-04-29T12:06:48+00:00,34.2,6.18,11.9,13.8,99.0,running,easy,us,midday,12,40.7715,-73.9748,1743,route_2024-04-29_8.41am.gpx
2024-05-01,2024-05-01T12:30:38+00:00,61.4,11.4,11.5,13.6,205.0,running,easy,us,midday,12,40.7818,-73.9677,3498,route_2024-05-01_9.31am.gpx
2024-05-02,2024-05-02T11:39:53+00:00,40.5,7.58,11.3,12.6,136.0,running,easy,us,midday,11,40.7733,-73.9728,2413,route_2024-05-02_8.20am.gpx
2024-05-03,2024-05-03T13:12:07+00:00,39.4,7.11,11.4,13.3,120.0,running,easy,us,midday,13,40.7727,-73.9735,2202,route_2024-05-03_9.51am.gpx
2024-05-04,2024-05-04T14:22:09+00:00,33.4,5.88,11.7,13.2,72.0,running,easy,us,afternoon,14,40.7809,-73.9879,1797,route_2024-05-04_10.55am.gpx
2024-05-07,2024-05-07T11:13:54+00:00,66.6,11.95,11.0,12.4,170.0,running,easy,us,midday,11,40.781,-73.969,3874,route_2024-05-07_8.20am.gpx
2024-05-08,2024-05-08T12:35:54+00:00,21.1,3.84,11.1,12.9,70.0,running,easy,us,midday,12,40.7771,-73.9903,1231,route_2024-05-08_8.57am.gpx
2024-05-09,2024-05-09T12:11:07+00:00,20.7,3.79,11.5,13.1,64.0,running,easy,us,midday,12,40.7693,-73.9794,1172,route_2024-05-09_8.31am.gpx
2024-05-10,2024-05-10T11:37:46+00:00,21.4,3.97,11.7,13.5,61.0,running,easy,us,midday,11,40.7693,-73.9793,1201,route_2024-05-10_7.59am.gpx
2024-05-13,2024-05-13T12:46:56+00:00,26.6,5.03,12.0,13.9,86.0,running,easy,us,midday,12,40.771,-73.9745,1492,route_2024-05-13_9.13am.gpx
2024-05-14,2024-05-14T11:19:12+00:00,41.5,8.07,11.8,13.8,125.0,running,easy,us,midday,11,40.7739,-73.9721,2421,route_2024-05-14_8.00am.gpx
2024-05-15,2024-05-15T10:05:16+00:00,60.0,10.91,11.2,12.7,164.0,running,easy,us,midday,10,40.7697,-73.9845,3490,route_2024-05-15_7.05am.gpx
2024-05-22,2024-05-22T13:59:08+00:00,90.0,11.43,10.9,12.6,203.0,running,easy,us,midday,13,40.7823,-73.9675,3468,route_2024-05-22_11.29am.gpx
2024-05-23,2024-05-23T13:03:29+00:00,66.0,11.5,12.0,13.6,232.0,running,easy,us,midday,13,40.7815,-73.9681,3414,route_2024-05-23_10.09am.gpx
2024-05-24,2024-05-24T12:17:32+00:00,15.9,3.13,12.3,14.0,50.0,running,easy,us,midday,12,40.7642,-73.9993,904,route_2024-05-24_8.33am.gpx
2024-05-24,2024-05-24T13:55:37+00:00,7.4,1.38,12.2,14.1,26.0,running,easy,us,midday,13,40.7707,-73.9939,408,route_2024-05-24_10.03am.gpx
2024-05-25,2024-05-25T14:41:15+00:00,61.4,10.58,10.8,12.9,166.0,running,easy,us,afternoon,14,40.7826,-73.9668,3459,route_2024-05-25_11.42am.gpx
2024-05-26,2024-05-26T15:12:55+00:00,59.9,11.42,11.9,13.6,235.0,running,easy,us,afternoon,15,40.7815,-73.9682,3397,route_2024-05-26_12.12pm.gpx
2024-05-27,2024-05-27T14:51:48+00:00,55.6,9.7,11.2,12.7,211.0,running,easy,us,afternoon,14,40.7833,-73.966,3107,route_2024-05-27_11.47am.gpx
2024-05-30,2024-05-30T14:19:02+00:00,31.1,5.31,11.4,13.1,99.0,running,easy,us,afternoon,14,40.7809,-73.9867,1579,route_2024-05-30_10.50am.gpx
2024-06-01,2024-06-01T12:34:23+00:00,33.4,5.55,10.7,12.4,79.0,running,easy,us,midday,12,38.8907,-77.0161,1837,route_2024-06-01_9.07am.gpx
2024-06-02,2024-06-02T18:59:52+00:00,56.1,10.31,11.2,13.4,141.0,running,easy,us,evening,18,40.7827,-73.9662,3291,route_2024-06-02_3.55pm.gpx
2024-06-04,2024-06-04T06:55:14+00:00,36.4,7.15,11.9,13.4,53.0,running,easy,us,morning,6,51.5324,-0.0631,2157,route_2024-06-04_3.31am.gpx
2024-06-06,2024-06-06T12:11:27+00:00,62.3,11.47,11.6,13.2,216.0,running,easy,us,midday,12,40.7815,-73.968,3496,route_2024-06-06_9.13am.gpx
2024-06-07,2024-06-07T12:27:49+00:00,21.9,3.94,11.5,13.4,79.0,running,easy,us,midday,12,40.7774,-73.9901,1206,route_2024-06-07_8.49am.gpx
2024-06-08,2024-06-08T13:35:26+00:00,55.1,10.74,12.3,13.9,203.0,running,easy,us,midday,13,40.7823,-73.967,3137,route_2024-06-08_10.30am.gpx
2024-06-09,2024-06-09T14:49:14+00:00,66.8,11.45,12.1,13.9,195.0,running,easy,us,afternoon,14,40.7816,-73.968,3320,route_2024-06-09_11.56am.gpx
2024-06-10,2024-06-10T11:05:17+00:00,42.0,7.06,10.7,12.4,139.0,running,easy,us,midday,11,39.043,-94.5876,2354,route_2024-06-10_7.47am.gpx
2024-06-13,2024-06-13T12:36:24+00:00,62.2,11.46,11.7,13.3,214.0,running,easy,us,midday,12,40.7819,-73.9676,3396,route_2024-06-13_9.38am.gpx
2024-06-14,2024-06-14T12:55:30+00:00,75.4,11.44,10.9,12.6,215.0,running,easy,us,midday,12,40.782,-73.9676,3666,route_2024-06-14_10.10am.gpx
2024-06-15,2024-06-15T14:48:49+00:00,58.2,10.68,11.4,13.9,155.0,running,easy,us,afternoon,14,40.7823,-73.967,3316,route_2024-06-15_11.47am.gpx
2024-06-18,2024-06-18T06:22:44+00:00,48.1,8.76,11.7,13.8,135.0,running,easy,us,morning,6,51.5053,-0.129,2681,route_2024-06-18_3.10am.gpx
2024-06-21,2024-06-21T12:15:14+00:00,20.6,3.49,10.6,12.3,46.0,running,easy,us,midday,12,40.7766,-73.9906,1167,route_2024-06-21_8.35am.gpx
2024-06-22,2024-06-22T15:20:04+00:00,74.7,10.77,10.4,12.2,214.0,running,easy,us,afternoon,15,40.7824,-73.9669,3645,route_2024-06-22_12.34pm.gpx
2024-06-23,2024-06-23T14:32:54+00:00,81.2,11.42,10.6,12.2,193.0,running,easy,us,afternoon,14,40.7822,-73.9673,3630,route_2024-06-23_11.54am.gpx
2024-06-25,2024-06-25T11:46:56+00:00,31.7,5.43,10.8,12.5,96.0,running,easy,us,midday,11,40.7706,-73.9763,1777,route_2024-06-25_8.18am.gpx
2024-06-26,2024-06-26T13:57:59+00:00,70.1,9.65,11.0,12.7,170.0,running,easy,us,midday,13,40.7834,-73.9659,3078,route_2024-06-26_11.08am.gpx
2024-06-29,2024-06-29T14:27:37+00:00,64.9,11.4,11.1,13.4,211.0,running,easy,us,afternoon,14,40.7819,-73.9678,3568,route_2024-06-29_11.32am.gpx
2024-06-30,2024-06-30T15:02:02+00:00,52.8,9.41,10.7,12.0,132.0,running,easy,us,afternoon,15,41.0248,-71.9683,3170,route_2024-06-30_11.54am.gpx
2024-07-02,2024-07-02T12:19:54+00:00,70.6,11.29,10.3,11.7,141.0,running,easy,us,midday,12,40.7817,-73.9679,3859,route_2024-07-02_9.30am.gpx
2024-07-04,2024-07-04T15:51:10+00:00,66.7,7.33,9.3,10.6,109.0,running,easy,us,afternoon,15,40.9317,-72.3783,2319,route_2024-07-04_12.57pm.gpx
2024-07-05,2024-07-05T16:56:21+00:00,45.1,7.8,11.1,13.3,114.0,running,easy,us,afternoon,16,40.933,-72.3785,2516,route_2024-07-05_1.41pm.gpx
2024-07-08,2024-07-08T15:47:37+00:00,71.6,10.99,10.6,12.3,149.0,running,easy,us,afternoon,15,40.7817,-73.9672,3177,route_2024-07-08_12.59pm.gpx
2024-07-12,2024-07-12T12:47:54+00:00,46.3,7.23,10.5,12.1,103.0,running,easy,us,midday,12,40.783,-73.9652,2439,route_2024-07-12_9.34am.gpx
2024-07-13,2024-07-13T14:39:53+00:00,75.6,11.58,10.8,12.3,176.0,running,easy,us,afternoon,14,40.7818,-73.9678,3601,route_2024-07-13_11.55am.gpx
2024-07-15,2024-07-15T11:57:05+00:00,42.7,7.31,10.8,12.1,104.0,running,easy,us,midday,11,40.7731,-73.9729,2389,route_2024-07-15_8.39am.gpx
2024-07-17,2024-07-17T11:57:19+00:00,31.3,5.41,11.1,13.3,71.0,running,easy,us,midday,11,40.7706,-73.9759,1688,route_2024-07-17_8.28am.gpx
2024-07-21,2024-07-21T04:47:57+00:00,65.8,10.67,10.3,11.7,77.0,running,easy,israel,early_morning,4,32.0523,34.7538,3629,route_2024-07-21_1.53am.gpx
2024-07-22,2024-07-22T04:55:36+00:00,56.3,8.86,10.7,12.1,67.0,running,easy,israel,early_morning,4,32.0586,34.7575,2940,route_2024-07-22_1.51am.gpx
2024-07-24,2024-07-24T04:47:19+00:00,60.5,9.88,10.3,12.0,72.0,running,easy,israel,early_morning,4,32.0554,34.7572,3405,route_2024-07-24_1.47am.gpx
2024-07-27,2024-07-27T07:40:09+00:00,59.2,9.18,10.6,11.9,72.0,running,easy,israel,morning,7,32.052,34.7539,3061,route_2024-07-27_4.39am.gpx
2024-07-28,2024-07-28T05:44:48+00:00,45.5,6.56,10.1,11.7,41.0,running,easy,israel,early_morning,5,32.0583,34.7607,2237,route_2024-07-28_2.30am.gpx
2024-07-30,2024-07-30T06:00:07+00:00,50.5,8.96,10.7,12.0,64.0,running,easy,israel,morning,6,32.0565,34.7584,3006,route_2024-07-30_2.50am.gpx
2024-08-01,2024-08-01T05:42:14+00:00,61.8,9.13,10.4,12.2,64.0,running,easy,israel,early_morning,5,32.0523,34.7541,3079,route_2024-08-01_2.44am.gpx
2024-08-02,2024-08-02T07:18:51+00:00,41.1,7.32,11.5,13.0,34.0,running,easy,israel,morning,7,32.0744,34.7674,2277,route_2024-08-02_3.59am.gpx
2024-08-04,2024-08-04T07:29:11+00:00,66.3,10.33,10.9,12.6,93.0,running,easy,israel,morning,7,32.0524,34.755,3365,route_2024-08-04_4.35am.gpx
2024-08-07,2024-08-07T13:26:02+00:00,64.3,10.42,11.4,13.6,148.0,running,easy,us,midday,13,40.7831,-73.9664,3264,route_2024-08-07_10.30am.gpx
2024-08-09,2024-08-09T04:57:27+00:00,27.1,4.7,11.2,13.0,25.0,running,easy,israel,early_morning,4,32.0761,34.7673,1500,route_2024-08-09_1.24am.gpx
2024-08-11,2024-08-11T04:44:35+00:00,60.0,10.1,10.4,11.7,58.0,running,easy,israel,early_morning,4,32.0545,34.7552,3475,route_2024-08-11_1.44am.gpx
2024-08-12,2024-08-12T06:04:01+00:00,41.5,7.06,10.7,12.3,67.0,running,easy,israel,morning,6,32.0593,34.762,2343,route_2024-08-12_2.45am.gpx
2024-08-13,2024-08-13T06:29:15+00:00,30.2,5.39,11.0,12.7,36.0,running,easy,israel,morning,6,32.0602,34.7643,1743,route_2024-08-13_2.59am.gpx
2024-08-15,2024-08-15T05:47:12+00:00,23.8,0.72,2.0,3.1,11.0,walking,easy,israel,early_morning,5,32.0829,34.765,1126,route_2024-08-15_2.11am.gpx
2024-09-02,2024-09-02T13:00:37+00:00,29.9,4.9,10.4,12.2,43.0,running,easy,us,midday,13,40.7796,-73.9879,1630,route_2024-09-02_9.30am.gpx
2024-09-03,2024-09-03T11:41:15+00:00,20.4,3.39,10.4,12.1,30.0,running,easy,us,midday,11,40.7764,-73.9907,1157,route_2024-09-03_8.01am.gpx
2024-09-04,2024-09-04T12:10:06+00:00,15.5,2.7,10.7,12.7,26.0,running,easy,us,midday,12,40.7747,-73.9915,867,route_2024-09-04_8.25am.gpx
2024-09-09,2024-09-09T11:59:20+00:00,21.9,3.7,10.9,12.7,36.0,running,easy,us,midday,11,40.7768,-73.9904,1189,route_2024-09-09_8.21am.gpx
2024-09-10,2024-09-10T11:46:34+00:00,48.4,7.33,11.0,12.8,95.0,running,easy,us,midday,11,40.7729,-73.9733,2344,route_2024-09-10_8.34am.gpx
2024-09-12,2024-09-12T12:18:46+00:00,7.7,2.64,20.9,37.5,91.0,cycling,easy,us,midday,12,40.7753,-73.9904,452,route_2024-09-12_8.26am.gpx
2024-09-13,2024-09-13T11:38:53+00:00,23.6,10.54,30.3,41.3,175.0,cycling,threshold,us,midday,11,40.7829,-73.9667,1202,route_2024-09-13_8.02am.gpx
2024-09-14,2024-09-14T14:45:18+00:00,0.9,0.42,22.5,29.2,10.0,cycling,zone2,us,afternoon,14,40.7756,-73.9917,57,route_2024-09-14_10.46am.gpx
2024-09-14,2024-09-14T14:56:03+00:00,44.2,18.27,27.3,34.8,268.0,cycling,zone2,us,afternoon,14,40.8123,-73.9664,2399,route_2024-09-14_11.40am.gpx
2024-09-15,2024-09-15T13:55:32+00:00,19.6,8.78,26.8,35.2,149.0,cycling,zone2,us,midday,13,40.7902,-73.9818,1169,route_2024-09-15_10.15am.gpx
2024-09-17,2024-09-17T12:16:30+00:00,21.2,3.73,11.0,12.7,31.0,running,easy,us,midday,12,40.7768,-73.9904,1209,route_2024-09-17_8.37am.gpx
2024-09-20,2024-09-20T10:59:21+00:00,30.0,5.14,10.3,11.9,61.0,running,easy,us,midday,10,40.7703,-73.9766,1787,route_2024-09-20_7.29am.gpx
2024-09-21,2024-09-21T13:03:26+00:00,28.9,5.13,10.6,12.2,103.0,running,easy,us,midday,13,46.8045,-71.2155,1729,route_2024-09-21_9.32am.gpx
2024-09-22,2024-09-22T12:21:01+00:00,25.6,4.12,9.6,12.0,89.0,running,easy,us,midday,12,46.8065,-71.2105,1538,route_2024-09-22_8.46am.gpx
2024-09-28,2024-09-28T14:07:20+00:00,61.7,11.28,11.3,13.0,171.0,running,easy,us,afternoon,14,40.7815,-73.968,3544,route_2024-09-28_11.08am.gpx
2024-10-03,2024-10-03T12:06:05+00:00,24.3,4.15,10.5,11.9,32.0,running,easy,us,midday,12,40.7776,-73.99,1408,route_2024-10-03_8.30am.gpx
2024-10-04,2024-10-04T21:07:48+00:00,64.6,11.36,11.5,12.9,144.0,running,easy,us,evening,21,40.7816,-73.9681,3501,route_2024-10-04_6.12pm.gpx
2024-10-05,2024-10-05T13:57:44+00:00,46.1,20.08,29.0,40.5,160.0,cycling,zone2,us,midday,13,40.7832,-73.9657,2437,route_2024-10-05_10.43am.gpx
2024-10-17,2024-10-17T12:01:49+00:00,21.1,3.58,10.3,12.6,37.0,running,easy,us,midday,12,40.7765,-73.9905,1252,route_2024-10-17_8.22am.gpx
2024-10-18,2024-10-18T22:06:30+00:00,38.4,6.4,10.1,11.6,59.0,running,easy,us,evening,22,40.7823,-73.9869,2279,route_2024-10-18_6.44pm.gpx
2024-10-19,2024-10-19T15:55:38+00:00,44.2,6.6,10.3,11.7,46.0,running,easy,us,afternoon,15,40.7636,-74.0001,2299,route_2024-10-19_12.39pm.gpx
2024-10-21,2024-10-21T14:03:42+00:00,35.6,6.16,10.7,13.6,65.0,running,easy,us,afternoon,14,36.1134,-115.1701,2069,route_2024-10-21_10.39am.gpx
2024-10-22,2024-10-22T14:39:12+00:00,27.9,4.79,11.5,13.6,53.0,running,easy,us,afternoon,14,36.1192,-115.1654,1485,route_2024-10-22_11.07am.gpx
2024-10-26,2024-10-26T13:14:23+00:00,58.8,9.31,10.5,12.1,104.0,running,easy,us,midday,13,40.9775,-72.1214,3161,route_2024-10-26_10.13am.gpx
2024-10-27,2024-10-27T13:57:31+00:00,29.6,5.64,11.4,13.1,104.0,running,easy,us,midday,13,40.9854,-72.1111,1775,route_2024-10-27_10.27am.gpx
2024-10-29,2024-10-29T12:35:35+00:00,20.3,3.52,10.6,12.3,55.0,running,easy,us,midday,12,40.7765,-73.9905,1177,route_2024-10-29_8.55am.gpx
2024-10-30,2024-10-30T12:23:32+00:00,27.6,4.95,11.2,12.8,42.0,running,easy,us,midday,12,40.7795,-73.988,1577,route_2024-10-30_8.51am.gpx
2024-11-01,2024-11-01T13:04:55+00:00,63.9,10.42,10.2,12.0,105.0,running,easy,us,midday,13,40.7913,-73.9798,3640,route_2024-11-01_10.08am.gpx
2024-11-02,2024-11-02T13:16:42+00:00,39.6,6.81,10.4,11.5,103.0,running,easy,us,midday,13,42.4579,-73.2357,2347,route_2024-11-02_9.56am.gpx
2024-11-03,2024-11-03T13:28:03+00:00,25.5,4.09,12.4,14.0,59.0,running,easy,us,midday,13,44.4681,-72.6825,1184,route_2024-11-03_8.53am.gpx
2024-11-04,2024-11-04T12:37:38+00:00,37.9,6.46,10.8,12.3,88.0,running,easy,us,midday,12,40.7719,-73.9746,2107,route_2024-11-04_8.15am.gpx
2024-11-05,2024-11-05T15:25:11+00:00,31.6,5.44,10.9,12.1,31.0,running,easy,us,afternoon,15,37.7857,-122.3894,1736,route_2024-11-05_10.56am.gpx
2024-11-07,2024-11-07T13:25:31+00:00,21.2,3.82,11.2,12.6,35.0,running,easy,us,midday,13,40.777,-73.9902,1223,route_2024-11-07_8.46am.gpx
2024-11-08,2024-11-08T13:18:15+00:00,30.7,5.39,10.7,12.2,88.0,running,easy,us,midday,13,40.7705,-73.9764,1806,route_2024-11-08_8.48am.gpx
2024-11-10,2024-11-10T14:57:37+00:00,63.6,11.44,11.3,13.1,154.0,running,easy,us,afternoon,14,40.7817,-73.9681,3585,route_2024-11-10_11.01am.gpx
2024-11-11,2024-11-11T12:53:27+00:00,64.1,11.41,11.0,12.8,140.0,running,easy,us,midday,12,40.7816,-73.9681,3693,route_2024-11-11_8.57am.gpx
2024-11-16,2024-11-16T15:25:48+00:00,75.8,10.01,10.0,11.9,71.0,running,easy,us,afternoon,15,40.7564,-74.0034,3585,route_2024-11-16_11.41am.gpx
2024-11-17,2024-11-17T15:03:30+00:00,61.9,11.42,11.3,13.0,141.0,running,easy,us,afternoon,15,40.7815,-73.9681,3627,route_2024-11-17_11.05am.gpx
2024-11-20,2024-11-20T06:19:02+00:00,40.6,6.51,10.0,11.4,48.0,running,easy,us,morning,6,51.5283,-0.1254,2310,route_2024-11-20_1.59am.gpx
2024-11-21,2024-11-21T07:12:46+00:00,38.7,7.08,11.3,13.8,74.0,running,easy,us,morning,7,51.5291,-0.1491,2236,route_2024-11-21_2.51am.gpx
2024-11-22,2024-11-22T11:53:25+00:00,62.9,11.46,11.1,12.6,151.0,running,easy,us,midday,11,40.7815,-73.9683,3665,route_2024-11-22_7.56am.gpx
2024-11-23,2024-11-23T12:56:20+00:00,57.1,10.59,11.2,12.7,157.0,running,easy,us,midday,12,40.7824,-73.9668,3373,route_2024-11-23_8.53am.gpx
2024-11-24,2024-11-24T14:49:18+00:00,47.3,7.26,10.6,12.2,83.0,running,easy,us,afternoon,14,40.7731,-73.9729,2339,route_2024-11-24_10.36am.gpx
2024-11-26,2024-11-26T12:37:49+00:00,48.8,7.48,11.0,12.7,93.0,running,easy,us,midday,12,40.7731,-73.9732,2377,route_2024-11-26_8.26am.gpx
2024-11-28,2024-11-28T06:59:43+00:00,33.4,5.68,10.8,12.4,29.0,running,easy,israel,morning,6,32.0645,34.7632,1877,route_2024-11-28_2.33am.gpx
2024-11-29,2024-11-29T06:08:17+00:00,74.2,11.78,11.0,13.1,47.0,running,easy,israel,morning,6,32.1015,34.7756,3735,route_2024-11-29_2.22am.gpx
2024-11-30,2024-11-30T08:26:55+00:00,65.2,10.19,10.3,11.9,74.0,running,easy,israel,morning,8,32.0565,34.7565,3509,route_2024-11-30_4.32am.gpx
2024-12-01,2024-12-01T08:01:04+00:00,63.9,9.79,10.6,11.8,59.0,running,easy,israel,morning,8,32.0555,34.7557,3267,route_2024-12-01_4.04am.gpx
2024-12-04,2024-12-04T12:16:38+00:00,60.5,11.82,12.2,14.4,148.0,running,easy,us,midday,12,40.7808,-73.969,3444,route_2024-12-04_8.17am.gpx
2024-12-06,2024-12-06T14:10:32+00:00,20.4,4.3,12.9,15.5,26.0,running,easy,israel,afternoon,14,32.0891,34.7713,1197,route_2024-12-06_9.30am.gpx
2024-12-08,2024-12-08T07:36:29+00:00,21.4,4.01,11.8,13.1,15.0,running,easy,israel,morning,7,32.0837,34.7692,1209,route_2024-12-08_2.57am.gpx
2024-12-09,2024-12-09T06:39:38+00:00,54.0,8.76,10.9,13.3,55.0,running,easy,israel,morning,6,32.0603,34.7595,2885,route_2024-12-09_2.33am.gpx
2024-12-13,2024-12-13T06:43:10+00:00,56.6,9.8,11.3,12.9,48.0,running,easy,israel,morning,6,32.0681,34.7629,3108,route_2024-12-13_2.39am.gpx
2024-12-16,2024-12-16T06:18:03+00:00,64.7,10.25,9.9,11.3,64.0,running,easy,israel,morning,6,32.0565,34.7586,3663,route_2024-12-16_2.22am.gpx
2024-12-17,2024-12-17T06:19:27+00:00,41.8,7.2,11.6,14.3,37.0,running,easy,israel,morning,6,32.062,34.7601,2222,route_2024-12-17_2.01am.gpx
2024-12-18,2024-12-18T07:09:06+00:00,75.0,11.36,11.2,13.1,90.0,running,easy,israel,morning,7,32.0544,34.7568,3592,route_2024-12-18_3.24am.gpx
2024-12-20,2024-12-20T11:00:31+00:00,50.8,7.97,11.6,13.3,58.0,running,easy,israel,midday,11,32.0589,34.7609,2417,route_2024-12-20_6.51am.gpx
2024-12-21,2024-12-21T07:54:15+00:00,69.7,9.88,10.5,12.4,87.0,running,easy,israel,morning,7,32.0544,34.7569,3357,route_2024-12-21_4.03am.gpx
2024-12-24,2024-12-24T05:44:46+00:00,72.9,10.91,10.8,12.5,157.0,running,easy,us,early_morning,5,9.728,99.9804,3600,route_2024-12-24_1.57am.gpx
2024-12-25,2024-12-25T06:28:56+00:00,69.5,10.94,10.8,13.1,231.0,running,easy,us,morning,6,9.7701,100.0066,3612,route_2024-12-25_2.38am.gpx
2024-12-27,2024-12-27T01:57:00+00:00,42.2,5.77,8.2,10.8,214.0,running,easy,us,early_morning,1,9.7746,99.9667,2511,route_2024-12-26_9.39pm.gpx
2024-12-29,2024-12-29T05:01:34+00:00,64.4,10.14,10.4,12.4,230.0,running,easy,us,early_morning,5,9.7691,100.0071,3515,route_2024-12-29_1.05am.gpx
2024-12-30,2024-12-30T02:50:16+00:00,42.6,5.65,8.2,10.7,218.0,running,easy,us,early_morning,2,9.7749,99.9668,2492,route_2024-12-29_10.32pm.gpx
2025-01-02,2025-01-02T05:33:02+00:00,63.3,11.13,10.7,12.4,75.0,running,easy,israel,early_morning,5,32.055,34.7574,3729,route_2025-01-02_1.36am.gpx
2025-01-03,2025-01-03T07:04:46+00:00,33.0,5.51,10.8,12.4,33.0,running,easy,israel,morning,7,32.0624,34.7667,1819,route_2025-01-03_2.37am.gpx
2025-01-04,2025-01-04T07:31:35+00:00,40.3,7.83,12.0,13.8,31.0,running,easy,israel,morning,7,32.0839,34.769,2354,route_2025-01-04_3.11am.gpx
2025-01-06,2025-01-06T12:39:38+00:00,40.6,6.91,10.4,11.5,90.0,running,easy,us,midday,12,40.7726,-73.9738,2389,route_2025-01-06_8.20am.gpx
2025-01-08,2025-01-08T12:30:39+00:00,64.6,11.37,10.7,11.9,142.0,running,easy,us,midday,12,40.7816,-73.968,3781,route_2025-01-08_8.35am.gpx
2025-01-09,2025-01-09T12:27:20+00:00,64.8,11.36,10.6,11.9,143.0,running,easy,us,midday,12,40.7814,-73.9682,3855,route_2025-01-09_8.32am.gpx
2025-01-10,2025-01-10T12:52:54+00:00,40.9,7.17,10.8,12.3,92.0,running,easy,us,midday,12,40.7728,-73.9734,2362,route_2025-01-10_8.33am.gpx
2025-01-17,2025-01-17T12:24:08+00:00,65.2,11.35,10.7,12.0,139.0,running,easy,us,midday,12,40.7818,-73.9678,3804,route_2025-01-17_8.29am.gpx
2025-01-18,2025-01-18T15:48:30+00:00,42.0,6.99,11.2,12.7,101.0,running,easy,us,afternoon,15,40.7738,-73.9709,2182,route_2025-01-18_11.30am.gpx
2025-01-19,2025-01-19T16:40:07+00:00,33.7,5.67,11.3,12.5,93.0,running,easy,us,afternoon,16,42.0795,-74.0198,1789,route_2025-01-19_12.13pm.gpx
2025-01-22,2025-01-22T15:30:37+00:00,48.0,8.7,11.2,12.8,93.0,running,easy,us,afternoon,15,40.775,-73.9707,2770,route_2025-01-22_11.18am.gpx
2025-01-26,2025-01-26T14:28:55+00:00,59.2,11.4,11.7,13.9,133.0,running,easy,us,afternoon,14,40.7812,-73.9685,3494,route_2025-01-26_10.28am.gpx
2025-01-29,2025-01-29T13:36:21+00:00,20.9,3.74,10.8,12.3,38.0,running,easy,us,midday,13,40.7768,-73.9904,1237,route_2025-01-29_8.57am.gpx
2025-01-31,2025-01-31T12:58:22+00:00,63.7,11.42,11.2,12.8,163.0,running,easy,us,midday,12,40.7818,-73.968,3620,route_2025-01-31_9.02am.gpx
2025-02-01,2025-02-01T15:54:33+00:00,61.5,11.35,11.2,12.9,153.0,running,easy,us,afternoon,15,40.7819,-73.9678,3640,route_2025-02-01_11.56am.gpx
2025-02-02,2025-02-02T17:42:08+00:00,54.2,10.17,11.8,13.3,165.0,running,easy,us,afternoon,17,40.783,-73.9667,3054,route_2025-02-02_1.36pm.gpx
2025-02-04,2025-02-04T15:05:39+00:00,52.4,8.71,11.1,12.5,134.0,running,easy,us,afternoon,15,40.7838,-73.9656,2798,route_2025-02-04_10.58am.gpx
2025-02-05,2025-02-05T13:47:26+00:00,72.7,10.41,11.0,12.8,138.0,running,easy,us,midday,13,40.7824,-73.9669,3369,route_2025-02-05_10.00am.gpx
2025-02-06,2025-02-06T13:37:39+00:00,19.9,3.43,10.7,13.5,38.0,running,easy,us,midday,13,40.776,-73.9905,1138,route_2025-02-06_8.57am.gpx
2025-02-08,2025-02-08T13:14:59+00:00,58.5,10.22,10.6,12.0,130.0,running,easy,us,midday,13,40.7832,-73.9664,3452,route_2025-02-08_9.13am.gpx
2025-02-09,2025-02-09T14:16:49+00:00,45.2,7.57,11.1,12.6,89.0,running,easy,us,afternoon,14,40.7733,-73.9728,2393,route_2025-02-09_10.02am.gpx
2025-02-15,2025-02-15T14:24:09+00:00,74.1,11.47,11.2,13.1,119.0,running,easy,us,afternoon,14,19.4183,-99.1807,3619,route_2025-02-15_10.38am.gpx
2025-02-16,2025-02-16T13:23:47+00:00,84.3,11.97,10.7,12.7,168.0,running,easy,us,midday,13,19.4231,-99.1935,3951,route_2025-02-16_9.48am.gpx
2025-02-17,2025-02-17T13:40:30+00:00,50.1,4.57,10.0,12.1,67.0,running,easy,us,midday,13,19.4218,-99.1828,1392,route_2025-02-17_9.30am.gpx
2025-02-18,2025-02-18T14:14:02+00:00,68.6,10.21,11.1,13.2,128.0,running,easy,us,afternoon,14,19.4195,-99.1907,3255,route_2025-02-18_10.22am.gpx
2025-02-21,2025-02-21T13:02:11+00:00,29.8,5.38,11.0,12.7,66.0,running,easy,us,midday,13,40.7706,-73.9762,1755,route_2025-02-21_8.31am.gpx
2025-02-24,2025-02-24T15:05:13+00:00,55.1,8.81,10.7,12.0,136.0,running,easy,us,afternoon,15,40.7834,-73.9662,2965,route_2025-02-24_11.00am.gpx
2025-02-25,2025-02-25T14:08:41+00:00,80.2,11.02,10.4,11.8,162.0,running,easy,us,afternoon,14,40.7819,-73.9675,3690,route_2025-02-25_10.28am.gpx
2025-02-26,2025-02-26T12:30:23+00:00,50.2,8.01,9.7,11.1,107.0,running,easy,us,midday,12,40.7842,-73.9645,2947,route_2025-02-26_8.20am.gpx
2025-02-26,2025-02-26T13:26:29+00:00,18.0,2.97,11.0,12.9,15.0,running,easy,us,midday,13,40.7809,-73.979,936,route_2025-02-26_8.44am.gpx
2025-02-28,2025-02-28T13:04:22+00:00,44.1,7.12,10.7,12.2,80.0,running,easy,us,midday,13,40.7729,-73.9733,2356,route_2025-02-28_8.48am.gpx
2025-03-01,2025-03-01T15:45:25+00:00,66.0,9.14,11.3,13.2,65.0,running,easy,us,afternoon,15,40.7591,-74.0029,2789,route_2025-03-01_11.51am.gpx
2025-03-02,2025-03-02T13:53:51+00:00,60.4,11.25,11.2,12.5,157.0,running,easy,us,midday,13,40.7816,-73.968,3626,route_2025-03-02_9.54am.gpx
2025-03-10,2025-03-10T11:23:47+00:00,66.8,11.4,10.5,11.9,156.0,running,easy,us,midday,11,40.7816,-73.9682,3888,route_2025-03-10_8.30am.gpx
2025-03-12,2025-03-12T11:58:04+00:00,58.5,7.5,10.8,12.6,90.0,running,easy,us,midday,11,40.7732,-73.973,2394,route_2025-03-12_8.56am.gpx
2025-03-19,2025-03-19T07:28:01+00:00,44.6,7.19,10.5,12.2,166.0,running,easy,us,morning,7,38.7098,-9.1329,2415,route_2025-03-19_4.12am.gpx
2025-03-20,2025-03-20T07:10:00+00:00,30.1,5.73,11.4,12.8,85.0,running,easy,us,morning,7,38.7119,-9.1267,1803,route_2025-03-20_3.40am.gpx
2025-03-23,2025-03-23T15:01:04+00:00,89.7,10.44,11.5,13.1,90.0,running,easy,us,afternoon,15,40.7913,-73.9805,3058,route_2025-03-23_12.30pm.gpx
2025-03-26,2025-03-26T11:32:35+00:00,52.0,9.46,11.2,12.5,110.0,running,easy,us,midday,11,40.7761,-73.9697,3023,route_2025-03-26_8.24am.gpx
2025-03-27,2025-03-27T11:20:19+00:00,40.4,7.4,11.2,12.5,79.0,running,easy,us,midday,11,40.7731,-73.973,2365,route_2025-03-27_8.00am.gpx
2025-03-28,2025-03-28T11:20:24+00:00,68.4,11.46,10.4,12.3,134.0,running,easy,us,midday,11,40.7819,-73.9677,3888,route_2025-03-28_8.28am.gpx
2025-03-31,2025-03-31T11:44:50+00:00,43.3,7.49,11.1,12.6,83.0,running,easy,us,midday,11,40.7733,-73.9728,2386,route_2025-03-31_8.28am.gpx
2025-04-03,2025-04-03T12:01:31+00:00,40.9,7.63,11.4,12.9,88.0,running,easy,us,midday,12,40.7734,-73.9728,2388,route_2025-04-03_8.42am.gpx
2025-04-06,2025-04-06T05:55:00+00:00,65.9,11.07,11.1,12.2,51.0,running,easy,israel,early_morning,5,32.0771,34.7663,3565,route_2025-04-06_3.00am.gpx
2025-04-07,2025-04-07T05:16:40+00:00,65.3,11.67,11.6,12.9,87.0,running,easy,israel,early_morning,5,32.0713,34.7636,3574,route_2025-04-07_2.21am.gpx
2025-04-08,2025-04-08T06:00:27+00:00,31.8,5.69,11.5,13.0,31.0,running,easy,israel,morning,6,32.0912,34.773,1766,route_2025-04-08_2.32am.gpx
2025-04-09,2025-04-09T04:46:48+00:00,66.4,11.07,11.0,12.1,66.0,running,easy,israel,early_morning,4,32.0726,34.7647,3615,route_2025-04-09_1.53am.gpx
2025-04-10,2025-04-10T04:32:04+00:00,50.3,9.2,11.0,12.2,45.0,running,easy,israel,early_morning,4,32.0963,34.7941,3014,route_2025-04-10_1.22am.gpx
2025-04-11,2025-04-11T07:57:40+00:00,51.5,9.27,11.2,12.7,42.0,running,easy,israel,morning,7,32.0965,34.7959,2962,route_2025-04-11_4.49am.gpx
2025-04-13,2025-04-13T06:08:15+00:00,55.1,9.98,11.2,12.5,50.0,running,easy,israel,morning,6,32.0758,34.7663,3163,route_2025-04-13_3.03am.gpx
2025-04-14,2025-04-14T07:33:46+00:00,34.9,6.41,12.5,15.6,36.0,running,easy,israel,morning,7,32.0804,34.77,1814,route_2025-04-14_4.08am.gpx
2025-04-15,2025-04-15T04:37:56+00:00,76.4,10.61,10.8,11.8,55.0,running,easy,israel,early_morning,4,32.0713,34.7645,3174,route_2025-04-15_1.54am.gpx
2025-04-16,2025-04-16T04:47:41+00:00,60.1,4.3,10.4,12.2,36.0,running,easy,israel,early_morning,4,32.0863,34.7755,1272,route_2025-04-16_1.47am.gpx
2025-04-17,2025-04-17T05:05:11+00:00,46.5,8.98,11.6,13.0,41.0,running,easy,israel,early_morning,5,32.0745,34.7659,2787,route_2025-04-17_1.51am.gpx
2025-04-19,2025-04-19T05:06:51+00:00,57.5,10.03,10.5,11.5,57.0,running,easy,israel,early_morning,5,32.0723,34.7644,3449,route_2025-04-19_2.04am.gpx
2025-04-21,2025-04-21T11:43:00+00:00,50.4,9.3,11.3,12.8,175.0,running,easy,us,midday,11,40.7758,-73.97,2942,route_2025-04-21_8.33am.gpx
2025-04-22,2025-04-22T11:15:37+00:00,52.8,8.64,10.6,11.8,87.0,running,easy,us,midday,11,40.775,-73.9708,2916,route_2025-04-22_8.08am.gpx
2025-04-23,2025-04-23T11:32:00+00:00,52.5,9.12,11.1,12.5,99.0,running,easy,us,midday,11,40.7756,-73.9703,2956,route_2025-04-23_8.24am.gpx
2025-04-24,2025-04-24T11:31:58+00:00,60.5,10.1,11.0,14.9,112.0,running,easy,us,midday,11,40.7791,-73.9696,3269,route_2025-04-24_8.32am.gpx
2025-04-28,2025-04-28T12:26:15+00:00,21.7,3.71,11.1,12.7,33.0,running,easy,us,midday,12,40.7767,-73.9905,1197,route_2025-04-28_8.47am.gpx
2025-04-30,2025-04-30T14:36:22+00:00,32.4,4.51,11.2,12.8,30.0,running,easy,us,afternoon,14,33.5293,-111.9252,1421,route_2025-04-30_11.08am.gpx
2025-05-01,2025-05-01T13:42:59+00:00,50.3,7.96,11.1,12.2,53.0,running,easy,us,midday,13,33.5196,-111.9204,2539,route_2025-05-01_10.33am.gpx
2025-05-02,2025-05-02T11:45:04+00:00,45.7,8.33,11.4,13.0,104.0,running,easy,us,midday,11,40.7743,-73.9716,2591,route_2025-05-02_8.30am.gpx
2025-05-03,2025-05-03T15:13:45+00:00,72.1,11.45,11.7,13.1,174.0,running,easy,us,afternoon,15,40.7815,-73.9681,3448,route_2025-05-03_12.25pm.gpx
2025-05-04,2025-05-04T13:22:39+00:00,33.3,5.77,11.2,12.5,45.0,running,easy,us,midday,13,40.7816,-73.9876,1802,route_2025-05-04_9.55am.gpx
2025-05-07,2025-05-07T12:05:23+00:00,33.9,5.64,11.3,12.8,57.0,running,easy,us,midday,12,40.7708,-73.9759,1751,route_2025-05-07_8.39am.gpx
2025-05-09,2025-05-09T11:59:49+00:00,34.1,5.44,10.6,12.1,59.0,running,easy,us,midday,11,40.7705,-73.9763,1811,route_2025-05-09_8.33am.gpx
2025-05-10,2025-05-10T13:13:28+00:00,59.9,11.62,12.1,13.9,156.0,running,easy,us,midday,13,40.7813,-73.9685,3398,route_2025-05-10_10.13am.gpx
2025-05-12,2025-05-12T11:52:34+00:00,39.4,7.05,10.7,12.0,49.0,running,easy,us,midday,11,40.7834,-73.9863,2366,route_2025-05-12_8.32am.gpx
2025-05-15,2025-05-15T11:45:58+00:00,21.4,3.85,11.2,12.6,27.0,running,easy,us,midday,11,40.7778,-73.9901,1235,route_2025-05-15_8.07am.gpx
2025-05-16,2025-05-16T11:52:00+00:00,56.3,9.85,11.5,13.1,117.0,running,easy,us,midday,11,40.7789,-73.97,3030,route_2025-05-16_8.48am.gpx
2025-05-17,2025-05-17T13:41:09+00:00,62.6,10.7,10.6,12.0,360.0,running,easy,us,midday,13,40.7826,-73.9666,3510,route_2025-05-17_10.43am.gpx
2025-05-18,2025-05-18T12:55:06+00:00,104.5,11.53,11.3,14.3,151.0,running,easy,us,midday,12,40.7819,-73.9676,3553,route_2025-05-18_10.39am.gpx
2025-05-23,2025-05-23T10:50:58+00:00,54.4,10.0,11.3,12.7,113.0,running,easy,us,midday,10,40.7791,-73.9699,3165,route_2025-05-23_7.45am.gpx
2025-05-24,2025-05-24T14:42:22+00:00,18.0,2.86,11.9,13.2,21.0,running,easy,us,afternoon,14,25.8089,-80.123,853,route_2025-05-24_11.00am.gpx
2025-05-24,2025-05-24T15:00:31+00:00,54.3,8.19,11.0,12.4,80.0,running,easy,us,afternoon,15,25.8258,-80.1211,2616,route_2025-05-24_11.54am.gpx
2025-05-25,2025-05-25T13:17:23+00:00,44.4,8.05,12.0,13.6,61.0,running,easy,us,midday,13,25.7807,-80.1297,2393,route_2025-05-25_10.01am.gpx
2025-05-27,2025-05-27T12:02:54+00:00,23.0,3.71,11.3,12.9,35.0,running,easy,us,midday,12,40.7767,-73.9905,1170,route_2025-05-27_8.25am.gpx
2025-05-29,2025-05-29T10:38:58+00:00,63.5,11.44,11.2,13.0,162.0,running,easy,us,midday,10,40.7812,-73.9683,3632,route_2025-05-29_7.42am.gpx
2025-05-30,2025-05-30T10:56:47+00:00,71.2,11.43,10.8,12.4,129.0,running,easy,us,midday,10,40.782,-73.9676,3662,route_2025-05-30_8.07am.gpx
2025-06-02,2025-06-02T13:07:42+00:00,34.4,6.1,11.7,13.0,43.0,running,easy,us,midday,13,40.7823,-73.9872,1848,route_2025-06-02_9.42am.gpx
2025-06-04,2025-06-04T11:54:29+00:00,43.0,7.62,11.1,12.6,60.0,running,easy,us,midday,11,40.7843,-73.9857,2468,route_2025-06-04_8.37am.gpx
2025-06-05,2025-06-05T11:47:56+00:00,54.4,9.99,11.7,13.7,124.0,running,easy,us,midday,11,40.779,-73.9699,3032,route_2025-06-05_8.42am.gpx
2025-06-10,2025-06-10T13:02:55+00:00,30.6,5.93,11.6,13.8,147.0,running,easy,us,midday,13,41.9903,-74.0459,1838,route_2025-06-10_9.33am.gpx
2025-06-12,2025-06-12T11:58:58+00:00,31.6,5.92,11.6,13.2,52.0,running,easy,us,midday,11,40.7808,-73.988,1832,route_2025-06-12_8.30am.gpx
2025-06-14,2025-06-14T13:48:25+00:00,60.1,11.46,11.7,13.2,154.0,running,easy,us,midday,13,40.7815,-73.9681,3501,route_2025-06-14_10.48am.gpx
2025-06-18,2025-06-18T11:43:24+00:00,41.1,7.82,11.8,13.3,94.0,running,easy,us,midday,11,40.7736,-73.9724,2372,route_2025-06-18_8.24am.gpx
2025-06-19,2025-06-19T20:27:20+00:00,31.1,6.11,12.2,14.1,100.0,running,easy,us,evening,20,40.7715,-73.9748,1774,route_2025-06-19_4.58pm.gpx
2025-06-20,2025-06-20T11:00:54+00:00,55.1,10.01,11.1,12.7,123.0,running,easy,us,midday,11,40.779,-73.97,3248,route_2025-06-20_7.55am.gpx
2025-06-21,2025-06-21T14:52:51+00:00,69.2,11.43,11.5,13.1,177.0,running,easy,us,afternoon,14,40.7815,-73.9681,3517,route_2025-06-21_12.02pm.gpx
2025-06-22,2025-06-22T13:05:20+00:00,40.6,7.3,10.8,12.0,67.0,running,easy,us,midday,13,40.7834,-73.9862,2435,route_2025-06-22_9.45am.gpx
2025-06-25,2025-06-25T12:00:54+00:00,29.2,5.54,11.4,13.5,48.0,running,easy,us,midday,12,40.7803,-73.9883,1743,route_2025-06-25_8.30am.gpx
2025-06-26,2025-06-26T12:03:10+00:00,31.9,5.67,11.0,12.7,84.0,running,easy,us,midday,12,40.7709,-73.9758,1813,route_2025-06-26_8.35am.gpx
2025-06-28,2025-06-28T14:37:45+00:00,64.2,11.8,11.6,13.0,179.0,running,easy,us,afternoon,14,40.9402,-72.3836,3646,route_2025-06-28_11.41am.gpx
2025-06-30,2025-06-30T12:26:18+00:00,20.1,3.8,11.4,13.2,62.0,running,easy,us,midday,12,40.9249,-72.3758,1194,route_2025-06-30_8.46am.gpx
2025-07-02,2025-07-02T12:12:44+00:00,45.0,7.73,11.4,12.9,110.0,running,easy,us,midday,12,40.9143,-72.3761,2426,route_2025-07-02_8.57am.gpx
2025-07-03,2025-07-03T12:00:27+00:00,20.0,3.73,11.6,13.3,51.0,running,easy,us,midday,12,40.9248,-72.3757,1156,route_2025-07-03_8.20am.gpx
2025-07-04,2025-07-04T14:23:31+00:00,65.9,11.95,11.8,13.2,192.0,running,easy,us,afternoon,14,40.94,-72.3835,3645,route_2025-07-04_11.29am.gpx
2025-07-06,2025-07-06T14:09:20+00:00,62.1,11.55,11.7,13.0,161.0,running,easy,us,afternoon,14,40.9393,-72.3832,3540,route_2025-07-06_11.11am.gpx
2025-07-08,2025-07-08T12:12:10+00:00,22.5,3.97,11.6,13.0,39.0,running,easy,us,midday,12,40.7773,-73.9901,1218,route_2025-07-08_8.34am.gpx
2025-07-11,2025-07-11T12:22:30+00:00,35.4,6.67,11.7,14.5,507.0,running,easy,us,midday,12,40.9308,-72.3772,1582,route_2025-07-11_8.57am.gpx
2025-07-16,2025-07-16T12:30:38+00:00,20.6,3.76,11.3,12.9,26.0,running,easy,us,midday,12,40.7769,-73.9904,1181,route_2025-07-16_8.51am.gpx
2025-07-18,2025-07-18T12:52:21+00:00,50.9,9.07,10.9,12.1,127.0,running,easy,us,midday,12,40.9353,-72.3807,2994,route_2025-07-18_9.43am.gpx
2025-07-19,2025-07-19T13:56:55+00:00,66.5,11.35,11.2,12.8,180.0,running,easy,us,midday,13,40.9393,-72.3834,3605,route_2025-07-19_11.03am.gpx
2025-07-23,2025-07-23T11:46:16+00:00,64.5,11.51,11.7,13.3,145.0,running,easy,us,midday,11,40.7816,-73.9681,3475,route_2025-07-23_8.50am.gpx
2025-07-24,2025-07-24T11:38:28+00:00,24.6,4.57,11.2,13.5,49.0,running,easy,us,midday,11,40.7789,-73.9884,1455,route_2025-07-24_8.03am.gpx
2025-07-26,2025-07-26T03:16:12+00:00,78.7,9.39,8.3,11.8,316.0,running,easy,us,early_morning,3,37.9748,23.7344,3958,route_2025-07-26_12.34am.gpx
2025-07-29,2025-07-29T05:16:36+00:00,40.6,6.88,10.6,11.8,69.0,running,easy,israel,early_morning,5,32.0729,34.7646,2308,route_2025-07-29_1.57am.gpx
2025-07-30,2025-07-30T05:01:24+00:00,57.3,11.48,12.0,13.3,107.0,running,easy,israel,early_morning,5,32.0633,34.7584,3437,route_2025-07-30_1.58am.gpx
2025-07-31,2025-07-31T04:43:44+00:00,63.1,10.73,10.5,12.3,110.0,running,easy,israel,early_morning,4,32.0652,34.7594,3663,route_2025-07-31_1.46am.gpx
2025-08-01,2025-08-01T06:12:18+00:00,65.2,11.2,11.3,12.6,87.0,running,easy,israel,morning,6,32.0635,34.7627,3500,route_2025-08-01_3.17am.gpx
2025-08-03,2025-08-03T06:06:16+00:00,61.0,10.36,10.5,12.7,196.0,running,easy,israel,morning,6,33.0141,35.5756,3522,route_2025-08-03_3.07am.gpx
2025-08-04,2025-08-04T04:57:43+00:00,40.6,7.32,10.9,12.6,149.0,running,easy,israel,early_morning,4,33.0241,35.5768,2424,route_2025-08-04_1.38am.gpx
2025-08-05,2025-08-05T06:00:54+00:00,64.0,11.62,11.5,13.2,126.0,running,easy,israel,morning,6,32.0955,34.7799,3608,route_2025-08-05_3.04am.gpx
2025-08-07,2025-08-07T11:45:27+00:00,48.2,8.59,11.9,13.5,121.0,running,easy,us,midday,11,40.7747,-73.9711,2572,route_2025-08-07_8.33am.gpx
2025-08-08,2025-08-08T10:57:37+00:00,50.9,8.79,10.4,12.0,126.0,running,easy,us,midday,10,40.7843,-73.9648,2990,route_2025-08-08_7.48am.gpx
2025-08-09,2025-08-09T12:55:39+00:00,59.8,10.5,11.0,12.9,72.0,running,easy,us,midday,12,40.7902,-73.9816,3440,route_2025-08-09_9.55am.gpx
2025-08-10,2025-08-10T12:38:44+00:00,53.0,8.61,10.4,11.8,151.0,running,easy,us,midday,12,40.7877,-73.9835,2940,route_2025-08-10_9.31am.gpx
2025-08-12,2025-08-12T12:17:06+00:00,50.8,8.88,10.6,11.9,94.0,running,easy,us,midday,12,40.7873,-73.9838,3014,route_2025-08-12_9.07am.gpx
2025-08-13,2025-08-13T12:32:45+00:00,64.3,7.97,11.0,12.6,122.0,running,easy,us,midday,12,40.784,-73.9646,2499,route_2025-08-13_9.37am.gpx
2025-08-14,2025-08-14T13:37:13+00:00,86.0,11.52,10.6,12.2,169.0,running,easy,us,midday,13,40.7816,-73.9681,3810,route_2025-08-14_11.03am.gpx
2025-08-15,2025-08-15T14:19:24+00:00,45.4,7.49,10.6,12.4,115.0,running,easy,us,afternoon,14,40.7829,-73.9654,2541,route_2025-08-15_11.04am.gpx
2025-08-16,2025-08-16T17:05:28+00:00,42.0,7.38,11.0,12.3,55.0,running,easy,us,afternoon,17,40.7876,-73.9837,2404,route_2025-08-16_1.47pm.gpx
2025-08-18,2025-08-18T06:51:26+00:00,49.1,5.59,7.9,12.2,292.0,running,easy,us,morning,6,46.6132,7.9184,2510,route_2025-08-18_3.40am.gpx
2025-08-19,2025-08-19T07:18:31+00:00,71.5,9.18,8.9,13.2,419.0,running,easy,us,morning,7,46.5891,7.9277,3682,route_2025-08-19_4.30am.gpx
2025-08-20,2025-08-20T07:27:25+00:00,50.6,5.35,7.5,10.9,290.0,running,easy,us,morning,7,46.5957,7.9294,2560,route_2025-08-20_4.18am.gpx
2025-08-22,2025-08-22T08:27:18+00:00,27.0,3.67,8.9,12.1,153.0,running,easy,us,morning,8,46.6082,7.9167,1467,route_2025-08-22_4.54am.gpx
2025-08-24,2025-08-24T07:34:37+00:00,16.9,2.42,8.6,12.7,139.0,running,easy,us,morning,7,46.5998,7.9282,1017,route_2025-08-24_3.51am.gpx
2025-08-25,2025-08-25T07:41:52+00:00,51.6,8.46,10.5,12.6,190.0,running,easy,us,morning,7,47.0691,8.3123,2888,route_2025-08-25_4.33am.gpx
2025-08-26,2025-08-26T07:51:25+00:00,69.3,10.95,11.3,13.3,147.0,running,easy,us,morning,7,47.0502,8.3343,3438,route_2025-08-26_5.00am.gpx
2025-08-27,2025-08-27T07:21:48+00:00,78.8,10.98,10.8,12.6,156.0,running,easy,us,morning,7,47.0501,8.3343,3625,route_2025-08-27_4.40am.gpx
2025-08-28,2025-08-28T07:46:21+00:00,66.5,10.51,10.5,12.0,146.0,running,easy,us,morning,7,47.0506,8.3327,3573,route_2025-08-28_4.52am.gpx
2025-08-29,2025-08-29T08:18:34+00:00,52.3,8.18,10.0,12.2,180.0,running,easy,us,morning,8,47.0695,8.3134,2920,route_2025-08-29_5.10am.gpx
2025-08-31,2025-08-31T07:04:59+00:00,63.8,11.49,11.6,13.1,114.0,running,easy,us,morning,7,47.3634,8.5458,3540,route_2025-08-31_4.08am.gpx
2025-09-01,2025-09-01T07:31:05+00:00,33.5,5.91,10.8,12.1,55.0,running,easy,us,morning,7,47.3587,8.5493,1964,route_2025-09-01_4.04am.gpx
2025-09-02,2025-09-02T11:43:08+00:00,44.6,7.82,11.4,13.1,83.0,running,easy,us,midday,11,40.7738,-73.9719,2311,route_2025-09-02_8.27am.gpx
2025-09-03,2025-09-03T11:12:24+00:00,67.5,11.49,10.7,12.2,142.0,running,easy,us,midday,11,40.7817,-73.968,3845,route_2025-09-03_8.19am.gpx
2025-09-05,2025-09-05T11:13:05+00:00,48.5,8.21,10.9,12.2,69.0,running,easy,us,midday,11,40.7856,-73.9848,2657,route_2025-09-05_8.01am.gpx
2025-09-06,2025-09-06T14:06:54+00:00,82.7,11.64,11.3,12.7,159.0,running,easy,us,afternoon,14,40.7816,-73.9682,3580,route_2025-09-06_11.29am.gpx
2025-09-07,2025-09-07T12:10:30+00:00,66.0,11.49,11.1,12.7,205.0,running,easy,us,midday,12,40.7816,-73.9681,3613,route_2025-09-07_9.16am.gpx
2025-09-10,2025-09-10T11:08:22+00:00,27.3,4.36,10.3,13.6,122.0,running,easy,us,midday,11,35.6902,-83.8637,1506,route_2025-09-10_7.35am.gpx
2025-09-11,2025-09-11T10:58:53+00:00,57.0,11.47,12.5,14.0,151.0,running,easy,us,midday,10,40.7815,-73.9682,3269,route_2025-09-11_7.55am.gpx
2025-09-12,2025-09-12T10:57:19+00:00,62.6,10.72,10.5,11.8,131.0,running,easy,us,midday,10,40.7825,-73.9668,3672,route_2025-09-12_7.59am.gpx
2025-09-14,2025-09-14T14:42:14+00:00,66.7,10.33,10.9,12.0,74.0,running,easy,us,afternoon,14,40.791,-73.9812,3386,route_2025-09-14_11.48am.gpx
2025-09-15,2025-09-15T11:13:13+00:00,65.2,11.46,11.4,13.3,145.0,running,easy,us,midday,11,40.7816,-73.9679,3577,route_2025-09-15_8.18am.gpx
2025-09-16,2025-09-16T14:10:10+00:00,30.3,4.68,9.7,12.7,149.0,running,easy,us,afternoon,14,37.7513,-122.4353,1717,route_2025-09-16_10.40am.gpx
2025-09-20,2025-09-20T04:26:28+00:00,63.2,9.16,10.8,12.2,63.0,running,easy,israel,early_morning,4,32.0706,34.7629,3047,route_2025-09-20_1.29am.gpx
2025-09-21,2025-09-21T06:54:04+00:00,19.7,3.64,11.1,12.5,26.0,running,easy,israel,morning,6,32.0806,34.7679,1181,route_2025-09-21_3.13am.gpx
2025-09-22,2025-09-22T05:38:33+00:00,65.3,12.0,12.0,13.7,92.0,running,easy,israel,early_morning,5,32.0641,34.7587,3569,route_2025-09-22_2.43am.gpx
2025-09-23,2025-09-23T08:12:14+00:00,59.6,11.31,11.5,12.9,88.0,running,easy,israel,morning,8,32.0653,34.7596,3538,route_2025-09-23_5.11am.gpx
2025-09-24,2025-09-24T08:05:26+00:00,63.8,10.49,10.8,12.1,92.0,running,easy,israel,morning,8,32.0667,34.7607,3483,route_2025-09-24_5.09am.gpx
2025-09-25,2025-09-25T04:36:05+00:00,38.9,6.6,10.2,11.5,87.0,running,easy,israel,early_morning,4,32.0939,34.7723,2304,route_2025-09-25_1.14am.gpx
2025-09-27,2025-09-27T06:05:18+00:00,61.4,10.85,11.0,12.4,72.0,running,easy,israel,morning,6,32.0655,34.7596,3534,route_2025-09-27_3.06am.gpx
2025-09-28,2025-09-28T07:24:48+00:00,70.8,11.51,10.9,12.1,109.0,running,easy,israel,morning,7,32.0687,34.7614,3786,route_2025-09-28_4.35am.gpx
2025-09-29,2025-09-29T06:36:50+00:00,41.0,7.75,11.4,12.7,52.0,running,easy,israel,morning,6,32.072,34.7641,2458,route_2025-09-29_3.17am.gpx
2025-09-30,2025-09-30T05:34:53+00:00,40.2,7.41,11.4,13.0,46.0,running,easy,israel,early_morning,5,32.0728,34.7645,2346,route_2025-09-30_2.15am.gpx
2025-10-01,2025-10-01T05:21:25+00:00,58.5,10.04,10.6,11.7,65.0,running,easy,israel,early_morning,5,32.1039,34.7762,3415,route_2025-10-01_2.19am.gpx
2025-10-02,2025-10-02T08:21:08+00:00,66.6,10.65,10.8,12.1,89.0,running,easy,israel,morning,8,32.0659,34.7602,3557,route_2025-10-02_5.27am.gpx
2025-10-03,2025-10-03T06:02:54+00:00,43.6,7.37,11.1,12.6,49.0,running,easy,israel,morning,6,32.0728,34.7644,2359,route_2025-10-03_2.46am.gpx
2025-10-04,2025-10-04T05:20:50+00:00,40.1,7.51,11.2,12.6,44.0,running,easy,israel,early_morning,5,32.0707,34.7633,2405,route_2025-10-04_2.00am.gpx
2025-10-06,2025-10-06T11:30:22+00:00,37.1,6.84,11.2,12.4,35.0,running,easy,us,midday,11,40.7828,-73.9867,2188,route_2025-10-06_8.07am.gpx
2025-10-08,2025-10-08T11:28:03+00:00,68.4,11.55,10.9,12.4,132.0,running,easy,us,midday,11,40.7813,-73.9683,3775,route_2025-10-08_8.36am.gpx
2025-10-09,2025-10-09T12:05:01+00:00,39.3,7.61,11.6,13.2,81.0,running,easy,us,midday,12,40.773,-73.9731,2337,route_2025-10-09_8.44am.gpx
2025-10-12,2025-10-12T13:38:30+00:00,58.8,10.26,11.5,13.8,119.0,running,easy,us,midday,13,40.7789,-73.9703,3139,route_2025-10-12_10.37am.gpx
2025-10-13,2025-10-13T12:24:47+00:00,21.5,3.39,10.5,12.2,32.0,running,easy,us,midday,12,40.7682,-73.9945,1146,route_2025-10-13_8.46am.gpx
2025-10-14,2025-10-14T11:45:27+00:00,40.7,7.56,11.5,13.0,85.0,running,easy,us,midday,11,40.7732,-73.973,2347,route_2025-10-14_8.26am.gpx
2025-10-15,2025-10-15T12:47:52+00:00,58.0,10.47,11.0,12.3,112.0,running,easy,us,midday,12,40.7787,-73.9709,3396,route_2025-10-15_9.45am.gpx
2025-10-16,2025-10-16T11:01:13+00:00,56.2,11.39,12.4,13.8,123.0,running,easy,us,midday,11,40.7815,-73.9681,3264,route_2025-10-16_7.57am.gpx
2025-10-17,2025-10-17T10:58:12+00:00,69.7,11.39,10.3,11.9,130.0,running,easy,us,midday,10,40.782,-73.9675,3872,route_2025-10-17_8.07am.gpx
2025-10-18,2025-10-18T13:12:09+00:00,81.3,11.43,10.9,12.4,133.0,running,easy,us,midday,13,40.7818,-73.9678,3560,route_2025-10-18_10.33am.gpx
2025-10-19,2025-10-19T15:31:02+00:00,49.7,6.78,10.4,11.9,49.0,running,easy,us,afternoon,15,40.7878,-73.9832,2264,route_2025-10-19_12.20pm.gpx
2025-10-21,2025-10-21T14:14:48+00:00,43.2,6.97,11.7,13.6,61.0,running,easy,us,afternoon,14,36.1221,-115.1526,1911,route_2025-10-21_10.58am.gpx
2025-10-22,2025-10-22T13:10:52+00:00,40.1,6.89,10.5,13.5,77.0,running,easy,us,midday,13,36.1116,-115.1727,2354,route_2025-10-22_9.51am.gpx
2025-10-24,2025-10-24T11:01:20+00:00,51.7,10.7,12.6,14.1,122.0,running,easy,us,midday,11,40.7823,-73.9671,3059,route_2025-10-24_7.53am.gpx
2025-10-25,2025-10-25T14:12:33+00:00,33.6,5.33,10.5,12.9,119.0,running,easy,us,afternoon,14,40.7993,-75.9692,1820,route_2025-10-25_10.46am.gpx
2025-10-27,2025-10-27T11:55:03+00:00,41.5,7.93,11.9,13.6,90.0,running,easy,us,midday,11,40.7738,-73.9722,2364,route_2025-10-27_8.36am.gpx
2025-10-28,2025-10-28T12:24:28+00:00,20.6,3.8,11.3,13.0,40.0,running,easy,us,midday,12,40.7689,-73.9955,1210,route_2025-10-28_8.45am.gpx
2025-10-29,2025-10-29T11:08:10+00:00,62.7,11.53,11.1,12.7,140.0,running,easy,us,midday,11,40.7815,-73.9681,3727,route_2025-10-29_8.10am.gpx
2025-10-30,2025-10-30T10:39:47+00:00,40.1,7.44,11.3,13.0,87.0,running,easy,us,midday,10,40.773,-73.9733,2359,route_2025-10-30_7.19am.gpx
2025-10-31,2025-10-31T11:31:09+00:00,67.5,11.49,10.7,12.2,142.0,running,easy,us,midday,11,40.7817,-73.968,3767,route_2025-10-31_8.38am.gpx
2025-11-01,2025-11-01T14:15:50+00:00,29.2,5.09,10.6,12.4,57.0,running,easy,us,afternoon,14,40.7736,-73.9782,1729,route_2025-11-01_10.45am.gpx
2025-11-02,2025-11-02T14:06:08+00:00,62.1,11.41,11.0,12.5,59.0,running,easy,us,afternoon,14,40.7543,-74.004,3712,route_2025-11-02_10.08am.gpx
2025-11-03,2025-11-03T12:42:06+00:00,29.9,5.31,10.7,12.0,36.0,running,easy,us,midday,12,40.7663,-73.9978,1777,route_2025-11-03_8.11am.gpx
2025-11-05,2025-11-05T04:42:02+00:00,75.4,11.83,9.9,11.6,173.0,running,easy,us,early_morning,4,48.8635,2.3204,4262,route_2025-11-05_12.57am.gpx
2025-11-07,2025-11-07T11:58:17+00:00,64.7,10.69,10.1,11.4,130.0,running,easy,us,midday,11,40.7825,-73.9667,3764,route_2025-11-07_8.02am.gpx
2025-11-08,2025-11-08T16:10:22+00:00,40.4,6.48,10.1,11.5,46.0,running,easy,us,afternoon,16,40.762,-74.0011,2293,route_2025-11-08_11.50am.gpx
2025-11-09,2025-11-09T13:48:07+00:00,58.1,10.78,11.1,12.6,122.0,running,easy,us,midday,13,40.7819,-73.9674,3479,route_2025-11-09_9.46am.gpx
2025-11-13,2025-11-13T11:49:22+00:00,44.8,8.31,11.3,12.7,101.0,running,easy,us,midday,11,40.7786,-73.9704,2626,route_2025-11-13_7.34am.gpx
2025-11-14,2025-11-14T12:00:17+00:00,59.8,10.66,10.9,12.2,126.0,running,easy,us,midday,12,40.7825,-73.9667,3479,route_2025-11-14_8.00am.gpx
2025-11-15,2025-11-15T15:55:40+00:00,60.0,10.29,10.6,11.9,128.0,running,easy,us,afternoon,15,40.783,-73.9666,3458,route_2025-11-15_11.55am.gpx
2025-11-16,2025-11-16T14:36:12+00:00,28.6,5.06,10.8,12.4,79.0,running,easy,us,afternoon,14,40.7658,-73.9983,1666,route_2025-11-16_10.04am.gpx
2025-11-18,2025-11-18T12:53:39+00:00,30.9,5.46,11.1,12.4,71.0,running,easy,us,midday,12,40.7705,-73.9764,1743,route_2025-11-18_8.24am.gpx
2025-11-19,2025-11-19T13:11:00+00:00,29.9,5.52,11.4,12.9,62.0,running,easy,us,midday,13,40.7706,-73.9763,1737,route_2025-11-19_8.40am.gpx
2025-11-20,2025-11-20T12:47:13+00:00,52.0,9.48,11.6,13.2,108.0,running,easy,us,midday,12,40.7794,-73.9692,2934,route_2025-11-20_8.39am.gpx
2025-11-21,2025-11-21T13:12:47+00:00,35.2,5.51,10.8,11.9,37.0,running,easy,us,midday,13,25.8829,-80.1233,1810,route_2025-11-21_8.48am.gpx
2025-11-23,2025-11-23T12:36:32+00:00,63.2,9.59,10.7,12.4,66.0,running,easy,us,midday,12,25.8722,-80.121,3169,route_2025-11-23_8.39am.gpx
2025-11-24,2025-11-24T13:28:57+00:00,39.4,7.03,10.7,11.9,91.0,running,easy,us,midday,13,40.7725,-73.9739,2358,route_2025-11-24_9.08am.gpx
2025-11-25,2025-11-25T13:21:05+00:00,22.9,3.93,11.5,13.4,48.0,running,easy,us,midday,13,40.7693,-73.9794,1194,route_2025-11-25_8.43am.gpx
2025-11-26,2025-11-26T12:40:04+00:00,39.9,7.21,10.9,12.4,50.0,running,easy,us,midday,12,40.7629,-74.0002,2361,route_2025-11-26_8.19am.gpx
2025-11-27,2025-11-27T13:59:37+00:00,55.7,9.1,10.7,12.1,64.0,running,easy,us,midday,13,40.763,-73.9986,2984,route_2025-11-27_9.55am.gpx
2025-11-29,2025-11-29T07:34:13+00:00,79.7,11.11,10.7,12.2,80.0,running,easy,israel,morning,7,32.0665,34.7601,3669,route_2025-11-29_3.53am.gpx
2025-11-30,2025-11-30T06:11:34+00:00,38.4,7.17,11.2,12.6,36.0,running,easy,israel,morning,6,32.0629,34.7578,2302,route_2025-11-30_1.49am.gpx
2025-12-01,2025-12-01T07:57:24+00:00,32.3,6.01,11.6,13.7,52.0,running,easy,israel,morning,7,32.095,34.7735,1854,route_2025-12-01_3.29am.gpx
2025-12-04,2025-12-04T05:52:35+00:00,61.6,11.6,11.3,12.6,56.0,running,easy,israel,early_morning,5,32.0656,34.7596,3696,route_2025-12-04_1.54am.gpx
2025-12-05,2025-12-05T13:38:12+00:00,74.7,12.39,11.8,14.2,74.0,running,easy,israel,midday,13,32.0637,34.7584,3765,route_2025-12-05_9.52am.gpx
2025-12-06,2025-12-06T06:37:00+00:00,32.6,4.79,10.1,11.8,32.0,running,easy,israel,morning,6,32.0788,34.7671,1688,route_2025-12-06_2.09am.gpx
2025-12-09,2025-12-09T06:07:19+00:00,39.9,6.59,10.7,12.9,63.0,running,easy,israel,morning,6,32.0792,34.7728,2192,route_2025-12-09_1.47am.gpx
2025-12-12,2025-12-12T09:05:33+00:00,25.1,4.2,11.7,13.4,39.0,running,easy,israel,morning,9,32.0851,34.7696,1281,route_2025-12-12_4.30am.gpx
2025-12-15,2025-12-15T04:37:57+00:00,57.4,9.32,10.4,12.6,180.0,running,easy,us,early_morning,4,9.7588,100.0058,3199,route_2025-12-15_12.35am.gpx
2025-12-18,2025-12-18T08:49:54+00:00,68.0,11.64,11.6,13.0,90.0,running,easy,us,morning,8,9.7393,99.988,3584,route_2025-12-18_4.57am.gpx
2025-12-19,2025-12-19T07:51:09+00:00,64.9,9.5,9.8,11.9,174.0,running,easy,us,morning,7,9.7619,100.0063,3444,route_2025-12-19_3.56am.gpx
2025-12-21,2025-12-21T03:10:23+00:00,41.6,7.4,10.7,11.9,48.0,running,easy,us,early_morning,3,9.7371,99.994,2483,route_2025-12-20_10.51pm.gpx
2025-12-23,2025-12-23T03:39:53+00:00,48.5,6.28,9.3,12.0,210.0,running,easy,us,early_morning,3,9.7739,99.9669,2426,route_2025-12-22_11.28pm.gpx
2025-12-24,2025-12-24T02:37:08+00:00,70.7,11.26,10.9,12.5,163.0,running,easy,us,early_morning,2,9.7437,99.9743,3650,route_2025-12-23_10.47pm.gpx
2025-12-25,2025-12-25T02:59:17+00:00,42.4,5.91,9.0,12.1,208.0,running,easy,us,early_morning,2,9.7735,99.9666,2351,route_2025-12-24_10.41pm.gpx
2025-12-26,2025-12-26T03:05:54+00:00,41.4,7.23,11.0,12.5,70.0,running,easy,us,early_morning,3,9.7516,99.971,2357,route_2025-12-25_10.47pm.gpx
2025-12-27,2025-12-27T02:49:17+00:00,39.4,6.2,9.5,12.7,209.0,running,easy,us,early_morning,2,9.7737,99.9668,2343,route_2025-12-26_10.28pm.gpx
2025-12-29,2025-12-29T02:23:36+00:00,62.7,11.42,11.7,13.2,96.0,running,easy,us,early_morning,2,9.7454,99.976,3501,route_2025-12-28_10.26pm.gpx
2025-12-30,2025-12-30T04:58:31+00:00,44.7,6.6,9.7,12.9,225.0,running,easy,us,early_morning,4,9.7745,99.9673,2437,route_2025-12-30_12.43am.gpx
2026-01-03,2026-01-03T08:45:14+00:00,60.1,11.61,11.6,13.3,72.0,running,easy,israel,morning,8,32.0613,34.757,3599,route_2026-01-03_4.45am.gpx
2026-01-04,2026-01-04T05:44:15+00:00,40.3,7.27,10.9,12.2,63.0,running,easy,israel,early_morning,5,32.0687,34.7624,2393,route_2026-01-04_1.24am.gpx
2026-01-07,2026-01-07T12:36:33+00:00,39.1,7.34,11.3,12.9,79.0,running,easy,us,midday,12,40.773,-73.9731,2340,route_2026-01-07_8.15am.gpx
2026-01-08,2026-01-08T12:47:13+00:00,43.2,7.7,11.7,13.1,87.0,running,easy,us,midday,12,40.7734,-73.9726,2342,route_2026-01-08_8.30am.gpx
2026-01-10,2026-01-10T15:16:31+00:00,40.8,7.69,11.6,13.1,91.0,running,easy,us,afternoon,15,40.7734,-73.9727,2374,route_2026-01-10_10.57am.gpx
2026-01-11,2026-01-11T13:34:20+00:00,43.0,6.99,10.5,11.9,75.0,running,easy,us,midday,13,40.7727,-73.9737,2342,route_2026-01-11_9.17am.gpx
2026-01-18,2026-01-18T17:13:51+00:00,58.7,11.14,11.8,13.3,132.0,running,easy,us,afternoon,17,40.7816,-73.9678,3378,route_2026-01-18_1.12pm.gpx
2026-01-24,2026-01-24T15:14:58+00:00,62.9,11.77,11.5,13.0,151.0,running,easy,us,afternoon,15,40.7813,-73.9687,3654,route_2026-01-24_11.17am.gpx
2026-01-26,2026-01-26T14:21:04+00:00,68.5,11.46,10.2,11.7,145.0,running,easy,us,afternoon,14,40.7816,-73.968,4006,route_2026-01-26_10.29am.gpx
2026-01-28,2026-01-28T13:33:02+00:00,19.3,3.78,11.8,14.0,29.0,running,easy,us,midday,13,40.7764,-73.9905,1152,route_2026-01-28_8.52am.gpx
2026-01-31,2026-01-31T20:02:07+00:00,61.1,11.23,11.3,12.6,62.0,running,easy,us,evening,20,40.7522,-74.005,3551,route_2026-01-31_4.03pm.gpx
